"","id","family_id","name","latitude","longitude"
"1","aban1242","atla1278","Abanyom",6.30619,8.63055
"2","abar1238","atla1278","Mungbam",6.5805,10.2267
"3","abee1242","atla1278","Abé",5.59682,-4.38497
"4","abid1235","atla1278","Abidji",5.65656,-4.58421
"5","abon1238","atla1278","Abon",6.90621,10.8769
"6","abro1238","atla1278","Abron",7.72094,-2.50289
"7","abua1244","atla1278","Abua",4.83057,6.61492
"8","abur1243","atla1278","Abure",5.21534,-3.64123
"9","abur1244","atla1278","Abureni",4.62301,6.50634
"10","adam1253","atla1278","Adamawa Fulfulde",8.140326,13.077338
"11","adan1247","atla1278","Adangme",5.9437,0.13243
"12","adan1248","atla1278","Adangbe",6.50546,0.727155
"13","adel1244","atla1278","Adele",8.16975,0.619185
"14","adio1239","atla1278","Adioukrou",5.38228,-4.52522
"15","afud1235","atla1278","Afudu",9.831149,11.296849
"16","agat1236","atla1278","Agatu",7.97915,7.71639
"17","aghe1239","atla1278","Aghem",6.38956,10.0807
"18","agoi1246","atla1278","Robambami",5.87953,8.21629
"19","agun1238","atla1278","Aguna",7.49256,1.74452
"20","agwa1247","atla1278","Agwagwune",5.81055,8.03166
"21","ahan1243","atla1278","Ahanta",4.85147,-1.94657
"22","ahan1244","atla1278","Àhàn",7.44139,6.00896
"23","ahwa1235","atla1278","Ndunic",9.17635,8.56205
"24","ajab1235","atla1278","Aja (Benin)",7.06634,1.64992
"25","akan1250","atla1278","Akan",6.34756,-1.33254
"26","akas1242","atla1278","Akaselem",8.8858,1.37035
"27","akeb1238","atla1278","Akebu",7.78365,0.77668
"28","akee1238","atla1278","Akye",8.59543,8.75768
"29","akoo1248","atla1278","Akoose",4.9243,9.65522
"30","akpa1238","atla1278","Akpa",7.32586,8.01629
"31","akpe1248","atla1278","Akpes",7.50256,5.95559
"32","akpo1243","atla1278","Akpondu",9.235232,8.545454
"33","akuk1235","atla1278","Akuku",7.40354,6.34264
"34","akum1238","atla1278","Akum",6.85716,9.96261
"35","akwa1248","atla1278","Akwa",-0.39897,15.4623
"36","alag1242","atla1278","Alago",8.34986,8.52085
"37","aleg1238","atla1278","Alege",6.59423,9.00394
"38","alii1240","atla1278","Ali",4.60014,18.0352
"39","alla1248","atla1278","Alladian",5.22371,-4.42647
"40","alum1246","atla1278","Arum",9.01513,8.55956
"41","amba1263","atla1278","Amba (Uganda)",0.81206,30.0014
"42","ambe1247","atla1278","Ambele",5.94043,9.62028
"43","ambo1249","atla1278","Ambo",7.07637,10.7798
"44","amoo1242","atla1278","Amo",10.3229,8.65405
"45","anaa1238","atla1278","Anaang",4.94832,7.57969
"46","anii1245","atla1278","Anii",9.11127,1.60169
"47","anim1239","atla1278","Animere",7.60385,0.41962
"48","anin1242","atla1278","Aninka",9.08,8.51
"49","anuf1239","atla1278","Anufo",10.2839,0.56021
"50","anyi1244","atla1278","Anyin Morofo",6.1627,-4.64232
"51","anyi1245","atla1278","Anyin",6.31781,-3.30532
"52","apro1235","atla1278","Aproumu Aizi",5.20273,-4.52192
"53","aram1260","atla1278","Arame-Gubaare",12.299274,-16.373202
"54","arig1246","atla1278","Arigidi",7.56324,5.89556
"55","ashe1269","atla1278","Ashe",9.36574,7.39443
"56","asun1235","atla1278","Asu (Nigeria)",10.0849,5.42081
"57","asut1235","atla1278","Asu (Tanzania)",-4.17978,37.8323
"58","aton1242","atla1278","Atong",6.03539,9.72121
"59","atsa1241","atla1278","Atsam",9.95914,8.48301
"60","atti1239","atla1278","Attié",5.9977,-3.8209
"61","aush1241","atla1278","Aushi",-11.6295,29.0168
"62","avat1244","atla1278","Avatime",6.8688,0.41314
"63","avik1243","atla1278","Avikam",5.15838,-5.2529
"64","awak1250","atla1278","Awak",9.86334,11.3291
"65","awin1248","atla1278","Awing",5.88362,10.264
"66","awut1241","atla1278","Awutu",5.42441,-0.59545
"67","ayer1245","atla1278","Ayere",7.52206,6.01979
"68","ayiz1245","atla1278","Ayizo Gbe",6.62654,2.20552
"69","ayuu1242","atla1278","Ayu",9.2634,8.60225
"70","baan1241","atla1278","Baan",4.66709,7.30065
"71","baan1242","atla1278","Baangi",10.8083,5.7261
"72","baat1238","atla1278","Baatonum",9.63186,2.99607
"73","baaz1234","atla1278","Baazem",6.80235,9.97124
"74","baba1263","atla1278","Babango",1.79475,23.5851
"75","baba1264","atla1278","Baba",6.11222,10.5216
"76","baba1266","atla1278","Babanki",5.97863,10.2869
"77","bada1258","atla1278","Bada (Nigeria)",9.62456,9.95
"78","bady1239","atla1278","Jaad-Badyara",12.6425,-13.4759
"79","bafa1247","atla1278","Bafaw-Balong",4.53307,9.522
"80","bafa1249","atla1278","Bafanji",5.84612,10.4518
"81","bafi1243","atla1278","Bafia",4.72603,11.0982
"82","bafo1235","atla1278","Bafoto",1.19,19.76
"83","bafu1246","atla1278","Bafut",6.14153,10.1194
"84","baga1270","atla1278","Baga Manduri",10.76747,-14.60521
"85","baga1272","atla1278","Baga Sitemu",10.4793,-14.4756
"86","baga1273","atla1278","Baga Koga",10.1286,-13.947
"87","baga1275","atla1278","Pukur",10.5271,-14.6111
"88","baga1276","atla1278","Baga Mboteni",12.27246,-12.07358
"89","bagi1244","atla1278","Bagirmi Fulfulde",8.81656,18.3467
"90","bago1245","atla1278","Bago-Kusuntu",8.52697,1.41214
"91","baii1251","atla1278","Bai",7.57221,26.48246
"92","bain1259","atla1278","Bainounk-Gujaher",12.3128,-16.0586
"93","bain1261","atla1278","Bainouk-Gunyaamolo-Gutobor",12.8672,-16.229
"94","bais1242","atla1278","Baissa Fali",7.38023,10.7684
"95","baka1272","atla1278","Baka (Cameroon)",2.16013,13.7804
"96","baka1273","atla1278","Bakaka",4.79991,9.80402
"97","bako1249","atla1278","Bakoko",3.56518,9.99905
"98","bako1250","atla1278","Bakole",4.43654,8.97387
"99","bakp1238","atla1278","Iyongiyong",5.26756,8.26321
"100","bala1301","atla1278","Balanta-Kentohe",11.8203,-15.3221
"101","bala1302","atla1278","Balanta-Ganja",12.5382,-15.6658
"102","bali1245","atla1278","Bali (Nigeria)",8.81345,11.2952
"103","bali1274","atla1278","Bali (Democratic Republic of Congo)",1.1807,26.5941
"104","balo1261","atla1278","Loi-Likila",0.93777,18.1266
"105","balo1264","atla1278","Balo",6.12552,9.69365
"106","bama1251","atla1278","Bamali",5.91327,10.4567
"107","bamb1265","atla1278","Bambalang",5.861,10.544
"108","bamb1266","atla1278","Bambili-Bambui",6.10821,10.2233
"109","bame1260","atla1278","Bamenyam",5.77049,10.3302
"110","bamu1253","atla1278","Bamun",5.49017,10.8477
"111","bamu1254","atla1278","Bamukumbit",5.87292,10.3537
"112","bamu1256","atla1278","Bamunka",6.00203,10.5127
"113","bamw1238","atla1278","Bamwe",2.16773,19.1644
"114","band1340","atla1278","Bandial",12.5258,-16.4245
"115","band1342","atla1278","Banda-Mbrès",7.32924,23.0108
"116","band1343","atla1278","Banda-Banda",6.63889,22.7568
"117","band1344","atla1278","Banda-Bambari",6.21563,20.9827
"118","band1345","atla1278","Banda-Ndélé",8.03339,23.9021
"119","band1348","atla1278","Banda-Yangere",3.95763,16.5907
"120","bang1345","atla1278","Bangba",3.39956,28.3138
"121","bang1347","atla1278","Ngombe-Bangandu",2.18716,14.7506
"122","bang1348","atla1278","Bangwinji",9.57157,11.2022
"123","bang1350","atla1278","Bangubangu",-4.31464,27.2438
"124","bang1353","atla1278","Bangala",3.3466,28.04453
"125","bang1354","atla1278","Bobangi",-0.87437,17.227
"126","bang1356","atla1278","Bangolan",6.0125,10.667
"127","bank1256","atla1278","Bankon",4.3702,9.6403
"128","bank1257","atla1278","Bankal",9.5,10.5
"129","baou1238","atla1278","Baoulé",5.42509,-4.76565
"130","bape1239","atla1278","Bapen",12.13,-12.79
"131","bara1361","atla1278","Barambu",3.34642,26.861
"132","bara1362","atla1278","Barama",-2.49659,10.6777
"133","baro1252","atla1278","Barombi",4.64584,9.25261
"134","barw1243","atla1278","Barwe",-17.675,33.4534
"135","basa1280","atla1278","Basa-Gumna",9.94207,6.58105
"136","basa1281","atla1278","Basa-Gurmana",10.2488,6.74865
"137","basa1282","atla1278","Basa (Nigeria)",8.03159,7.06183
"138","basa1284","atla1278","Basa (Cameroon)",3.80765,10.4213
"139","bass1258","atla1278","Bassari-Tanda",12.4529,-13.3495
"140","bass1259","atla1278","Bassa-Kontagora",10.3333,4.98331
"141","bass1260","atla1278","Bassossi",5.23655,9.52275
"142","bata1285","atla1278","Batanga",1.397041,9.51011
"143","bati1251","atla1278","Bati (Cameroon)",4.25573,11.0591
"144","batu1255","atla1278","Batu",6.81588,10.9377
"145","bauc1238","atla1278","Bauchi",10.2077,6.61686
"146","bayo1255","atla1278","Kugere-Kuxinge",12.6881,-16.3947
"147","beba1238","atla1278","Beba",6.32256,9.73577
"148","bebe1248","atla1278","Bebele",4.78874,12.824
"149","bebe1250","atla1278","Bebe",6.74825,10.5646
"150","bebi1242","atla1278","Bebil",4.86672,13.3848
"151","bedi1235","atla1278","Bedik",12.7531,-12.4796
"152","beek1238","atla1278","Beeke",3.18438,29.9842
"153","beem1239","atla1278","Beembe",-3.95895,14.1
"154","beez1238","atla1278","Beezen",6.81552,10.109
"155","befa1241","atla1278","Menchum",6.27562,10.0342
"156","begb1241","atla1278","Begbere-Ejar",9.40519,7.59566
"157","bekw1241","atla1278","Bekwarra",6.73737,8.86489
"158","bekw1242","atla1278","Bekwil",1.71801,14.6527
"159","bela1255","atla1278","Belanda Viri",7.41311,27.6956
"160","belu1239","atla1278","Belueli",1.314698,28.933744
"161","bemb1255","atla1278","Bembe",-4.49057,29.0507
"162","bemb1257","atla1278","Bemba (Zambia)",-10.6122,29.2993
"163","bena1260","atla1278","Bena (Nigeria)",9.74861,12.3972
"164","bena1262","atla1278","Bena (Tanzania)",-9.26671,35.0364
"165","bend1258","atla1278","Bende",-6.22082,30.5926
"166","beng1282","atla1278","Benga",1.075766,9.600739
"167","bera1259","atla1278","Bera",1.50054,30.0293
"168","bero1242","atla1278","Berom",9.67037,8.81221
"169","besm1235","atla1278","Besme",9.59226,16.0938
"170","bete1261","atla1278","Bete (Yukubenic)",7.02128,9.74302
"171","bete1262","atla1278","Bete-Bendi",6.62037,9.20189
"172","beti1248","atla1278","Beti (Côte d'Ivoire)",5.26495,-3.28627
"173","bhel1238","atla1278","Bhele",0.24553,28.6681
"174","biaf1240","atla1278","Biafada",11.467,-15.1347
"175","bial1238","atla1278","Biali",11.0382,1.08259
"176","bidy1244","atla1278","Kanyaki-Kagbaaga-Kajoko Bidyogo",11.1097,-16.1497
"177","biji1246","atla1278","Bijim",9.54493,9.43876
"178","biky1238","atla1278","Bikya",6.74997,10.5333
"179","bila1255","atla1278","Bila",1.16839,28.7626
"180","bile1244","atla1278","Bile",8.90052,11.1907
"181","bimo1239","atla1278","Bimoba",10.4575,0.06121
"182","bina1270","atla1278","Bina (Nigeria)",10.2868,8.19726
"183","bini1246","atla1278","Bini",6.40701,5.70426
"184","binj1249","atla1278","Binji",-6.7,21.7
"185","birw1238","atla1278","Birwa",-22.17,28.33
"186","bish1246","atla1278","Bishuo",6.67251,9.79396
"187","bita1251","atla1278","Bitare",6.87398,11.3072
"188","bodo1272","atla1278","Bodo (Central African Republic)",6,26
"189","bofi1238","atla1278","Bofi",4.02043,17.3032
"190","bogu1241","atla1278","Boguru",4.49213,29.1344
"191","boko1261","atla1278","Bokoto",4.75111,16.6721
"192","boko1263","atla1278","Boko (Democratic Republic of Congo)",1.51612,18.8806
"193","boky1238","atla1278","Bokyi",6.10475,9.05875
"194","bolg1251","atla1278","Bolgo",10.9025,18.8076
"195","boli1255","atla1278","Bolia",-1.38362,18.09748
"196","bolo1261","atla1278","Kibala",-10.3511,15.0867
"197","bolo1262","atla1278","Boloki",0.83463,18.4555
"198","bolo1263","atla1278","Bolondo",2.46327,19.6181
"199","boma1246","atla1278","Boma Yumu",-3.27,17.45
"200","boma1250","atla1278","Boma Nkuu",-3.42,17.26
"201","boma1251","atla1278","Boma Nord",-3.01,16.92
"202","bomb1261","atla1278","Bomboli-Bozaba",1.99315,18.5131
"203","bomb1262","atla1278","Bomboma",2.40195,18.7841
"204","bomi1238","atla1278","Bomitaba",1.70044,17.3733
"205","bomk1234","atla1278","Bom-Kim",9.27518,-11.59696
"206","bomm1240","atla1278","Bom",9.27518,-11.597
"207","bomu1247","atla1278","Bomu",12.3816,-4.538
"208","bomw1238","atla1278","Bomwali",1.71005,15.9546
"209","bond1246","atla1278","Bondoukou Kulango",7.85945,-2.87379
"210","bond1247","atla1278","Bondei",-5.10749,38.5079
"211","bong1282","atla1278","Bon Gula",10.6577,19.5774
"212","bong1284","atla1278","Bongili",0.37063,16.6079
"213","bonj1234","atla1278","Impfondo",2.39823,17.6298
"214","bonk1243","atla1278","Bonkeng",4.66054,9.76306
"215","borg1235","atla1278","Borgu Fulfulde",9.801,3.988
"216","boro1283","atla1278","Boro",7.496728,0.362291
"217","boru1244","atla1278","Bo-Rukul",8.9352,8.90506
"218","boun1243","atla1278","Bouna Kulango",8.46011,-2.74627
"219","boza1238","atla1278","Bozaba",2.07295,18.6784
"220","buaa1245","atla1278","Bua",9.92491,18.0821
"221","buam1238","atla1278","Buamu",11.1687,-3.50303
"222","bube1242","atla1278","Bube",3.53638,8.68929
"223","bubi1250","atla1278","Bubi",-1.16762,12.32251
"224","budu1250","atla1278","Budu",2.00501,27.951
"225","budz1238","atla1278","Budza",2.19951,22.6107
"226","buku1249","atla1278","Bukusu",0.68043,34.7719
"227","bukw1238","atla1278","Bukwen",6.9415,10.2006
"228","buli1254","atla1278","Buli (Ghana)",10.5763,-1.26748
"229","bull1247","atla1278","Bullom So",9,-13.16
"230","bulu1251","atla1278","Bulu (Cameroon)",3.16141,11.6365
"231","buma1244","atla1278","Bumaji",6.4491,9.36028
"232","bumm1238","atla1278","Bum",6.48655,10.418
"233","bung1259","atla1278","Bung",6.40736,11.6389
"234","bung1265","atla1278","Bungu",-8.32587,32.8801
"235","bura1271","atla1278","Burak",9.49451,11.0698
"236","buru1299","atla1278","Buru-Angwe",7.01091,10.8617
"237","busa1251","atla1278","Busam",5.8604,9.68068
"238","bush1247","atla1278","Bushoong",-4.69463,21.4556
"239","busu1244","atla1278","Busuu",6.68152,9.78433
"240","buuu1244","atla1278","Bu",9.05077,8.65697
"241","buuu1246","atla1278","Buu",6.54,10.28
"242","buyu1239","atla1278","Buyu",-5.41806,28.5545
"243","bwaa1238","atla1278","Bwa",2.5957,25.2514
"244","bwel1238","atla1278","Bwela",3.22,19.28
"245","bwil1245","atla1278","Bwile",-8.3041,29.4071
"246","bwis1242","atla1278","Bwisi",-3.23686,11.9595
"247","byep1241","atla1278","Byep-Besep",4.57276,13.46245
"248","caka1240","atla1278","Caka",6.26979,9.77746
"249","came1252","atla1278","Donga Mambila",6.43829,11.41953
"250","cara1270","atla1278","Cara",10.1281,8.74567
"251","ceba1235","atla1278","Senari",9.50768,-6.15264
"252","cenn1238","atla1278","Cen",9.6896,9.0218
"253","cent2018","atla1278","Central-Eastern Niger Fulfulde",15.0907,8.43261
"254","cent2312","atla1278","Central Mfumte",6.67876,10.967982
"255","cerm1238","atla1278","Cerma",10.1245,-4.94917
"256","chak1271","atla1278","Chakali",9.83446,-1.90181
"257","chal1269","atla1278","Chala",8.00089,0.50896
"258","chee1238","atla1278","Che",10.0031,8.67024
"259","cher1271","atla1278","Cherepon",6.05387,-0.10955
"260","chig1238","atla1278","Chiga",-1.04387,29.9122
"261","chim1312","atla1278","Chimwiini",1.111787,44.026991
"262","chok1245","atla1278","Chokwe",-9.66082,21.3992
"263","chon1287","atla1278","Chonyi-Dzihana-Kauma",-6.518,38.672
"264","chop1243","atla1278","Chopi",-24.8327,34.1097
"265","chuk1274","atla1278","Chuka",-0.27405,37.6116
"266","chum1261","atla1278","Chumburung",8.15211,-0.2755
"267","chuw1238","atla1278","Chuwabu",-17.3428,37.1231
"268","cici1237","atla1278","Cicipu",11.0417,5.54073
"269","cigb1235","atla1278","Ci Gbe",6.84217,2.02134
"270","cind1241","atla1278","Yara",10.3419,5.84212
"271","cish1238","atla1278","Western-Kambari-Cishingini",9.88458,4.48564
"272","clel1238","atla1278","C'lela",11.4653,5.26544
"273","como1258","atla1278","Como Karim",8.86601,10.816
"274","cong1236","atla1278","Congo Swahili",-7.2692,27.4196
"275","cori1240","atla1278","Kyoli",9.59,8.06
"276","cros1244","atla1278","Cross River Mbembe",6.16926,8.23592
"277","cuba1236","atla1278","Cuba",10.260725,4.684594
"278","cung1238","atla1278","Chung",6.59687,10.4104
"279","cutc1238","atla1278","Cutchi-Swahili",-3.13905,38.6217
"280","cwib1235","atla1278","Cwi Bwamu",11.4182,-2.95115
"281","dadi1249","atla1278","Dadiya",9.62705,11.3587
"282","daga1272","atla1278","Dagaari Dioula",11.6839,-2.48569
"283","dagb1246","atla1278","Dagbani",9.64745,-0.43227
"284","dama1267","atla1278","Dama (Cameroon)",8.72207,14.0597
"285","dama1268","atla1278","Damakawa",11.0808,5.4914
"286","dayy1236","atla1278","Day",8.52612,17.5146
"287","defi1235","atla1278","Defi Gbe",6.40718,2.68609
"288","dege1246","atla1278","Degema",4.73373,6.80991
"289","degg1238","atla1278","Deg",8.43846,-2.28724
"290","delo1240","atla1278","Delo",7.90997,0.59728
"291","dema1235","atla1278","Dema",-15.6894,32.7731
"292","dend1242","atla1278","Dendi (Central African Republic)",4.48146,22.566
"293","deng1250","atla1278","Dengese",-3.26337,21.4194
"294","deny1238","atla1278","Denya",5.97237,9.39989
"295","dhai1238","atla1278","Dhaiso",-4.81209,38.818
"296","dibo1245","atla1278","Dibole",1.07773,17.2305
"297","dibo1247","atla1278","Dibo",9.0611,6.3731
"298","digo1243","atla1278","Digo",-4.62101,39.1752
"299","diii1241","atla1278","Dii",7.77412,13.9884
"300","diji1241","atla1278","Dijim-Bwilim",9.67567,11.5201
"301","dimb1238","atla1278","Dimbong",4.80551,10.9888
"302","ding1239","atla1278","Ding",-4.44304,19.3881
"303","diri1252","atla1278","Diriku-Shambyu",-18.1681,20.6678
"304","diri1253","atla1278","Jirim",8.36,11.05
"305","dita1238","atla1278","Ditammari",10.1614,1.18045
"306","djim1235","atla1278","Djimini Senoufo",8.36279,-4.45627
"307","doee1238","atla1278","Doe",-6.25844,38.4902
"308","dogo1294","atla1278","Dogoso",10.0489,-4.35805
"309","dogo1295","atla1278","Dogosé",10.1899,-4.1493
"310","doka1242","atla1278","Ejuele",10.2287,7.96099
"311","doko1243","atla1278","Deko-Dusanga",5.39961,8.26925
"312","domb1246","atla1278","Toka-Leya-Dombe",-18.37,26.502
"313","domp1238","atla1278","Dompo",8.182,-2.295
"314","dong1290","atla1278","Dongo",2.96683,29.9619
"315","dong1293","atla1278","Dong",8.64119,11.9924
"316","doon1238","atla1278","Doondo",-4.30483,13.5641
"317","doya1240","atla1278","Doyayo",8.68604,13.0768
"318","dual1243","atla1278","Duala",4.10208,9.61877
"319","dugu1248","atla1278","Dugun",8.38689,13.3966
"320","dugu1249","atla1278","Duguri",10.05,10.21
"321","dulb1238","atla1278","Dulbu",10.1911,9.94759
"322","duli1241","atla1278","Duli-Gewe",9.11241,13.4232
"323","duma1253","atla1278","Duma",-0.91927,13.0046
"324","duru1249","atla1278","Duruma",-4.09629,39.322
"325","duup1238","atla1278","Duupa",8.55031,13.4544
"326","dwan1238","atla1278","Dwang",7.70712,-0.43011
"327","dyan1251","atla1278","Dyan",10.8342,-3.59179
"328","dzaa1238","atla1278","Dza",9.26671,11.3884
"329","dzan1238","atla1278","Dzando",2.24195,19.0022
"330","dzod1238","atla1278","Dzodinka",6.89005,10.7633
"331","east2387","atla1278","East Limba",9.71107,-11.7496
"332","east2390","atla1278","Eastern Xwla Gbe",6.37803,2.54987
"333","east2398","atla1278","Eastern Karaboro",10.4987,-4.52253
"334","east2403","atla1278","Eastern Acipa",10.7104,6.0105
"335","east2409","atla1278","East Nyala",0.38163,34.6626
"336","east2782","atla1278","Eastern Kikongo",-5.25,15.5
"337","ebir1243","atla1278","Ebira",8.15516,7.06183
"338","ebri1238","atla1278","Ebrié",5.36868,-4.03188
"339","ebug1241","atla1278","Ebughu",4.82544,8.01304
"340","edec1238","atla1278","Ede Cabe",7.78176,2.48128
"341","edei1244","atla1278","Ede Idaca",7.78428,2.27039
"342","edei1245","atla1278","Ede Ije",7.09729,2.64262
"343","edei1246","atla1278","Ede Ica",8.46128,1.82137
"344","eden1244","atla1278","Ede Nago",6.75763,2.64908
"345","efai1241","atla1278","Efai",4.60447,8.27625
"346","efik1245","atla1278","Efik",4.89379,8.38121
"347","efut1241","atla1278","Efutu",5.34699,-0.62723
"348","efut1242","atla1278","Efutop",5.92431,8.35425
"349","egaa1242","atla1278","Ega",5.56081,-5.41732
"350","egbu1235","atla1278","Egbuta",1.894874,22.680426
"351","eggo1239","atla1278","Eggon",8.71442,8.45686
"352","ehue1238","atla1278","Ehueun",7.450998,5.858846
"353","ejag1239","atla1278","Ejagham",5.54442,8.90959
"354","ejam1238","atla1278","Ejamat",12.3355,-16.515
"355","ekaj1238","atla1278","Ekajuk",6.45731,8.55058
"356","ekii1241","atla1278","Eki",5.1503,8.13613
"357","ekit1246","atla1278","Ekit",4.7645,7.89222
"358","ekpe1253","atla1278","Ekpeye",5.06715,6.53362
"359","elem1253","atla1278","Eleme",4.72964,7.267
"360","elip1238","atla1278","Elip",4.45694,11.193
"361","eloy1241","atla1278","Ajiri",8.24696,7.97061
"362","emai1241","atla1278","Emai-Iuleha-Ora",7.09089,5.84494
"363","eman1238","atla1278","Eman",6.22923,9.70562
"364","embu1241","atla1278","Embu",-0.62822,37.5933
"365","enge1239","atla1278","Egene",5.11931,6.37339
"366","enwa1245","atla1278","Enwan (Akwa Ibom State)",4.68739,8.20974
"367","enwa1246","atla1278","Enwan (Edo State)",7.15316,6.07393
"368","enya1247","atla1278","Enya-Kisangani",0.56,25.15
"369","enya1249","atla1278","Enya-Kindu",-4.1,26
"370","epie1238","atla1278","Epie",5.00894,6.3146
"371","eruw1238","atla1278","Eruwa",5.18026,6.04818
"372","esan1238","atla1278","Esan",6.25685,6.33917
"373","esim1238","atla1278","Esimbi",6.50094,9.86936
"374","eteb1238","atla1278","Etebi",4.79059,7.97357
"375","eten1239","atla1278","Eten",9.73073,8.61443
"376","etky1238","atla1278","Etkywan",7.13773,10.3501
"377","eton1253","atla1278","Eton-Mengisa",4.21045,11.3935
"378","etul1245","atla1278","Etulo",7.75865,9.44447
"379","evan1238","atla1278","Evant",6.34906,9.46432
"380","eviy1235","atla1278","Viya",-1.22,10.58
"381","ewee1241","atla1278","Ewe",6.46061,0.814975
"382","ewon1239","atla1278","Ewondo",4.21141,11.93646
"383","famm1241","atla1278","Fam",7.54277,10.505
"384","fang1246","atla1278","Fang (Equatorial Guinea)",1.723965,11.61454
"385","fang1248","atla1278","Fang (Cameroon)",6.54384,10.319
"386","fani1244","atla1278","Fania",10.291,18.75
"387","fare1241","atla1278","Farefare",11.0918,-0.81109
"388","fefe1239","atla1278","Fe'fe'",5.18158,10.1442
"389","fero1244","atla1278","Feroge",8.61612,25.7171
"390","fioo1234","atla1278","Fio",6.31256,10.2936
"391","fipa1238","atla1278","Fipa",-7.88963,31.3442
"392","fira1238","atla1278","Firan",9.65245,8.69095
"393","fonn1241","atla1278","Fon",7.15484,1.66495
"394","food1238","atla1278","Foodo",9.56489,1.40486
"395","fuli1240","atla1278","Fuliiru",-3.04022,28.9865
"396","fung1245","atla1278","Fungwa",10.5021,6.59138
"397","fwee1238","atla1278","Fwe",-17.72372,24.43151
"398","fyam1238","atla1278","Fyam",9.59006,9.22293
"399","gaaa1244","atla1278","Ga",5.65488,-0.18598
"400","gaaa1245","atla1278","Gaa",8.4809,11.9603
"401","gade1242","atla1278","Gade",8.71139,7.49869
"402","gamb1252","atla1278","Gambian Wolof",13.5337,-16.1544
"403","gamo1241","atla1278","Gamo-Ningi",10.9346,9.24843
"404","gana1270","atla1278","Ganang",9.93195,9.09741
"405","gand1255","atla1278","Ganda",0.66884,32.15153
"406","ganz1247","atla1278","Ganzi",6.544,19.347
"407","gbag1258","atla1278","Gbagyi",9.29842,6.90495
"408","gban1258","atla1278","Gbanziri-Boraka",4.68467,20.2609
"409","gban1260","atla1278","Gbanu",5.28183,17.3887
"410","gbar1246","atla1278","Gbari",8.46411,7.10757
"411","gbay1278","atla1278","Gbayi",5.57378,21.9707
"412","gbay1281","atla1278","Gbaya-Mbodomo",4.800365,14.606865
"413","gbay1286","atla1278","Gbaya-Bozoum",5.9879,16.4643
"414","gbay1287","atla1278","Gbaya-Bossangoa",6.61896,17.645
"415","gbes1238","atla1278","Gbesi Gbe",6.55911,2.0269
"416","gbir1241","atla1278","Gbiri-Niragu",10.3923,8.43157
"417","geme1244","atla1278","Geme",8.48359,20.6611
"418","genn1243","atla1278","Gen",6.25971,1.67727
"419","ghom1247","atla1278","Ghomálá'",5.39619,10.352
"420","ghot1243","atla1278","Ghotuo",7.11551,5.95663
"421","giky1238","atla1278","Gikyode",8.39478,0.56975
"422","gili1241","atla1278","Gilima",4.5585,19.0091
"423","gimm1241","atla1278","Gimme",8.58084,12.6658
"424","gimn1238","atla1278","Gimnime",8.58129,12.7869
"425","giny1241","atla1278","Ginyanga",8.2327,0.98348
"426","giry1241","atla1278","Giryama",-3.30638,39.6648
"427","gito1238","atla1278","Gitonga",-23.7964,35.1577
"428","gobu1238","atla1278","Gobu",5.01201,20.0194
"429","gogo1263","atla1278","Gogo",-6.35951,35.4807
"430","goka1239","atla1278","Gokana",4.61889,7.34457
"431","gola1255","atla1278","Gola",7.06193,-10.8138
"432","golo1234","atla1278","Golo",7.75,26.85
"433","gonj1241","atla1278","Gonja",8.48801,-0.72757
"434","goun1238","atla1278","Goundo",9.46683,16.255
"435","gour1243","atla1278","Gourmanchéma",11.6711,1.28489
"436","guaa1238","atla1278","Gua",6.52106,0.16932
"437","gube1234","atla1278","Gubeeher-Gufangor-Gubelor",12.526764,-16.352752
"438","gula1265","atla1278","Gula Iro",10.267,19.5359
"439","gund1247","atla1278","Gundi",3.68861,17.30096
"440","gung1250","atla1278","Gungu",2.06754,31.4819
"441","gunn1250","atla1278","Gun",6.48529,2.76767
"442","gupa1248","atla1278","Gupa",8.21291,6.69128
"443","gurm1246","atla1278","Gurmana",10.1487,6.79456
"444","gusi1246","atla1278","Gusilay",12.7761,-16.5026
"445","gusi1247","atla1278","Gusii",-0.78872,34.76751
"446","gwaa1239","atla1278","Gwa",10.3069,9.11434
"447","gwam1244","atla1278","Gwamhi-Wuri",11.8081,5.07897
"448","gwar1240","atla1278","Gwara",9.49,7.88
"449","gwen1239","atla1278","Gweno",-3.68407,37.6827
"450","gwer1238","atla1278","Gwere",1.11392,33.8227
"451","gyel1242","atla1278","Gyele",2.47457,10.2493
"452","gyem1238","atla1278","Gyem",10.4109,9.23923
"453","haaa1252","atla1278","Ha",-3.77873,30.4894
"454","hamb1245","atla1278","Hamba de Lomela",-2.49047,24.2299
"455","hang1258","atla1278","Hanga",9.33929,-1.57833
"456","hang1260","atla1278","Hangaza",-2.52347,30.7074
"457","hash1238","atla1278","Hasha",9.14063,8.66137
"458","havu1238","atla1278","Havu",-1.99975,28.8624
"459","haya1250","atla1278","Haya",-1.70878,31.4846
"460","hehe1240","atla1278","Hehe",-7.71572,35.7255
"461","hema1238","atla1278","Hema",1.04953,30.0872
"462","hemb1242","atla1278","Hemba-Yazi",-7.77459,27.5913
"463","here1253","atla1278","Herero",-21.0231,20.5655
"464","hiju1238","atla1278","Hijuk",4.39641,10.9081
"465","holo1240","atla1278","Holoholo",-5.37545,28.3274
"466","holu1245","atla1278","Holu",-8.14754,17.572
"467","homa1239","atla1278","Homa",4.97912,28.0039
"468","hone1235","atla1278","Hõne",9.79715,10.9206
"469","horo1245","atla1278","Horom",9.05742,8.98482
"470","hund1239","atla1278","Hunde",-1.46762,28.9308
"471","hung1276","atla1278","Hungworo",10.3243,6.3024
"472","hung1278","atla1278","Hungan",-3.69695,18.4312
"473","hung1280","atla1278","Hungu-Pombo",-9.164628,18.192062
"474","huns1239","atla1278","Hun-Saare",10.7898,5.07312
"475","hyam1245","atla1278","Hyam",9.57832,7.95163
"476","ibal1241","atla1278","Kwa South",-4.20697,15.3893
"477","ibib1240","atla1278","Ibibio",5.15279,7.86688
"478","ibin1241","atla1278","Ibino",4.59603,8.15254
"479","ibuo1242","atla1278","Ibuoro",5.49672,7.93108
"480","icev1238","atla1278","Iceve-Maci",6.42426,9.50264
"481","idak1243","atla1278","Idakho-Isukha-Tiriki",0.21557,34.817
"482","ider1238","atla1278","Idere",5.21188,8.0831
"483","idom1241","atla1278","Idoma",7.19139,7.71261
"484","idon1238","atla1278","Idon",10.2175,7.78151
"485","idun1241","atla1278","Dũya",9.12585,7.77525
"486","ifee1241","atla1278","Ifè",7.63568,1.58494
"487","igal1242","atla1278","Igala",7.34325,7.17974
"488","iged1239","atla1278","Igede",6.95522,8.27362
"489","igoo1238","atla1278","Igo",7.25499,0.67846
"490","igut1238","atla1278","Iguta",9.98505,8.81708
"491","igwe1238","atla1278","Igwe",7.10878,6.08157
"492","ihan1234","atla1278","Ihanja",-9.10589,34.6563
"493","ikaa1238","atla1278","Ika",6.36423,6.31058
"494","ikhi1234","atla1278","Ikhin-Arokho",7.146202,5.936957
"495","ikiz1238","atla1278","Ikizu",-1.9915,34.3589
"496","ikom1245","atla1278","Ikoma-Nata",-1.94989,34.5361
"497","ikoo1245","atla1278","Iko",4.56197,7.9866
"498","ikor1238","atla1278","Ikorom",7.06,5.09
"499","ikpe1243","atla1278","Ikpeshi",7.04475,6.17647
"500","ikpo1238","atla1278","Ikposo",7.44776,0.83312
"501","ikug1238","atla1278","Iku-Gora-Ankwa",10.27852,7.84105
"502","ikul1238","atla1278","Ikulu",10.1339,7.86684
"503","ikun1241","atla1278","Ikuna",-9.13708,34.9083
"504","ikwe1242","atla1278","Ikwere",5.04333,6.86651
"505","ilaa1246","atla1278","Ila",-15.60807,26.45548
"506","ilue1241","atla1278","Ilue",4.78618,8.25236
"507","ilwa1237","atla1278","Ilwana",-0.66322,39.793
"508","indr1247","atla1278","Indri",8.81513,25.9848
"509","ipul1238","atla1278","Ipulo-Olulu",6.2918,9.64676
"510","irig1241","atla1278","Irigwe",9.85197,8.6525
"511","isan1243","atla1278","Isanzu",-3.99991,34.846
"512","isek1239","atla1278","Isekiri",5.81898,5.5862
"513","isok1239","atla1278","Isoko",5.52889,6.24682
"514","isse1238","atla1278","Isenye",-2.019886,34.413574
"515","isuf1235","atla1278","Isu (Fako Division)",3.96758,9.36535
"516","isum1240","atla1278","Isu (Menchum Division)",6.63731,9.96577
"517","itam1234","atla1278","Itambo",-9.36073,35.32647
"518","itip1234","atla1278","Itipula",-9.34988,35.21523
"519","itoo1242","atla1278","Ito",5.14438,8.04626
"520","itum1245","atla1278","Itu Mbon Uzo",5.52679,7.80378
"521","ivbi1241","atla1278","Ivbie North-Okpela-Arhe",7.15307,6.21209
"522","iyay1238","atla1278","Iyayu",7.30076,5.84326
"523","iyiv1238","atla1278","Iyive",6.50437,9.53302
"524","izer1241","atla1278","Izere",9.5,8.7
"525","izie1238","atla1278","Izi-Ezaa-Ikwo-Mgbo",6.31831,8.03044
"526","izii1239","atla1278","Izi",6.33,8
"527","izor1238","atla1278","Izora",10.4735,8.76468
"528","jana1236","atla1278","Jan-Awei",9.661135,11.384125
"529","janj1240","atla1278","Janji",10.1197,8.63029
"530","jara1263","atla1278","Jarawa (Nigeria)",9.8,9.61
"531","jere1244","atla1278","Jere",10.1962,8.95834
"532","jiba1237","atla1278","Jiba",9.26508,11.5099
"533","jibu1239","atla1278","Jibu",7.49214,11.3086
"534","jiru1238","atla1278","Jiru",8.64125,10.5872
"535","jita1239","atla1278","Jita",-1.62681,33.9141
"536","jjuu1238","atla1278","Jju",9.83116,7.97167
"537","joba1238","atla1278","Joba",-3.45787,28.9978
"538","jola1262","atla1278","Jola-Esulalu",12.5089,-16.5539
"539","jola1263","atla1278","Jola-Fonyi",12.75752,-15.7354766667
"540","juku1254","atla1278","Jukun Takum",7.20236,10.2576
"541","jwir1241","atla1278","Jwira-Pepesa",5.10752,-2.10891
"542","kaam1238","atla1278","Kaamba",-4.0409,13.284
"543","kaan1246","atla1278","Kaansa",10.1675,-3.70994
"544","kaan1247","atla1278","Kaan",9.70781,12.1508
"545","kabi1261","atla1278","Kabiyé",8.96816,0.495023
"546","kabr1240","atla1278","Kabras",0.29,34.83
"547","kabw1241","atla1278","Kabwa",-1.7124,34.3923
"548","kabw1242","atla1278","Kabwari",-4.36966,29.1684
"549","kada1284","atla1278","Kadara",9.99696,7.45933
"550","kagf1238","atla1278","Ut-Main",11.5319,4.8387
"551","kago1247","atla1278","Kagoma",9.22607,8.18694
"552","kagu1239","atla1278","Kagulu",-6.38204,37.0534
"553","kahe1238","atla1278","Kahe",-3.51412,37.5759
"554","kaik1247","atla1278","Kaiku",0.75068,28.7394
"555","kaka1264","atla1278","Kakanda",8.33931,6.55923
"556","kako1242","atla1278","Kako",3.79989,15.6282
"557","kala1383","atla1278","Kalamsé",13.6106,-3.10033
"558","kala1384","atla1278","Kalanga",-21.2887,27.401
"559","kama1357","atla1278","Kamara",8.93891,-2.34944
"560","kama1358","atla1278","Kamantan",9.85455,7.7119
"561","kamb1297","atla1278","Kamba (Kenya)",-1.60827,37.9532
"562","kami1256","atla1278","Kami (Tanzania)",-6.71075,37.98
"563","kami1258","atla1278","Kami (Nigeria)",8.57444,6.66088
"564","kamm1249","atla1278","Kam",8.305,11.05611111
"565","kamo1254","atla1278","Kamo",10.0602,11.2712
"566","kamo1256","atla1278","Kamona Bijogo",11.525,-16.29
"567","kana1293","atla1278","Kanamalenga",-8.91872,34.63776
"568","kand1300","atla1278","Kande",-0.00776,11.7076
"569","kang1285","atla1278","Kango (Tshopo District)",1.59855,27.0186
"570","kang1286","atla1278","Kango (Bas-Uélé District)",3.47633,24.8202
"571","kani1277","atla1278","Kaningdon-Nindem",9.525,8.37644
"572","kani1279","atla1278","Kaningi",-1.71316,13.6111
"573","kant1249","atla1278","Kantosi",10.9703,-1.92807
"574","kanu1277","atla1278","Kanufi",9.55,8.6
"575","kanu1278","atla1278","Kanu",-1.82559,28.1017
"576","kany1247","atla1278","Kanyok",-7.31878,23.613
"577","kaon1241","atla1278","Kaonde",-12.4129,25.7646
"578","kapy1238","atla1278","Kapya",7.03256,10.0979
"579","kara1478","atla1278","Karang",8.01727,15.2114
"580","kara1481","atla1278","Kara (Tanzania)",-1.83511,33.0488
"581","kare1338","atla1278","Kare (Central African Republic)",7.05641,15.2207
"582","kari1306","atla1278","Kari",5.03525,25.7491
"583","karo1294","atla1278","Karon",12.9918,-16.7382
"584","kasa1248","atla1278","Kasanga",12.4173,-15.9413
"585","kase1253","atla1278","Kasem",11.0824,-1.39076
"586","kawa1291","atla1278","Kawaway",10.182111,18.571083
"587","kela1254","atla1278","Kela (Democratic Republic of Congo)",-1.39085,24.0051
"588","kele1255","atla1278","Kele-Foma",0.36906,24.3098
"589","kele1257","atla1278","Kélé",-0.78854,10.3836
"590","keme1240","atla1278","Kemezung",6.69577,10.4984
"591","kemp1234","atla1278","Kempee",-2.3,18
"592","kend1252","atla1278","Kendem",5.77429,9.63201
"593","kens1251","atla1278","Kenswei Nsei",6.01713,10.412
"594","keny1278","atla1278","Kenyi",1.1513,33.4791
"595","keny1279","atla1278","Kenyang",5.58288,9.55918
"596","kera1248","atla1278","Keerak",12.3652,-16.6857
"597","kere1283","atla1278","Kerewe",-2.09315,33.5326
"598","kete1252","atla1278","Kete",-7.15104,22.9027
"599","kgal1244","atla1278","Kgalagadi",-24.9208,22.72016
"600","khan1278","atla1278","Khana",4.70908,7.44363
"601","khay1238","atla1278","Khayo",0.54,34.25
"602","khee1238","atla1278","Khe",9.79704,-4.24384
"603","khis1238","atla1278","Khisa",9.72099,-4.05416
"604","kiku1240","atla1278","Kikuyu",-0.29005,36.719
"605","kimb1241","atla1278","Kimbundu",-8.97835,14.8893
"606","kimb1242","atla1278","Kimbu",-7.23023,33.6445
"607","kimm1246","atla1278","Kim",9.79442,15.8936
"608","kinu1239","atla1278","Kinuku",10.3524,8.1296
"609","kiny1244","atla1278","Kinyarwanda",-1.56771,29.6441
"610","kion1242","atla1278","Kiong",5.20497,8.35234
"611","kisa1263","atla1278","Kisa",0.1529,34.5708
"612","kisi1243","atla1278","Kisi",-9.93,34.4825
"613","kitu1245","atla1278","Kituba (Congo)",-4.15654,14.5648
"614","kitu1246","atla1278","Kituba (Democratic Republic of Congo)",-2.29601,17.1548
"615","kiza1239","atla1278","Kizamani",10.16457,8.26269
"616","kobi1241","atla1278","Kobiana",13.5269,-14.4527
"617","kohu1244","atla1278","Kohumono",5.92596,7.96202
"618","koke1240","atla1278","Koke",10.6829,18.4121
"619","koko1267","atla1278","Kokola",-16.2681,35.5767
"620","kolb1240","atla1278","Kolbila",8.26797,13.2707
"621","kolc1235","atla1278","Kol (Cameroon)",3.65994,12.8574
"622","koma1266","atla1278","Koma Ndera",8.70976,12.7282
"623","komc1235","atla1278","Kom (Cameroon)",6.2596,10.3348
"624","komo1260","atla1278","Komo (Democratic Republic of Congo)",-0.76333,26.7144
"625","konk1269","atla1278","Konkomba",9.82224,0.2783
"626","konn1242","atla1278","Konni",10.2368,-1.54376
"627","kono1264","atla1278","Kono (Nigeria)",10.436,8.32193
"628","kono1265","atla1278","Konongo-Ruwila",-6.51503,32.1803
"629","konz1239","atla1278","Konzo",0.32395,29.8696
"630","koon1244","atla1278","South-Central Koongo",-5.57722,14.4771
"631","koon1245","atla1278","Koonzime",3.25933,13.54152
"632","koro1298","atla1278","Koromfé",14.046,-1.96187
"633","koro1304","atla1278","Korop",5.16206,8.80859
"634","koro1323","atla1278","Koro Nulu",9.24181,7.29786
"635","koro1324","atla1278","Koro Zuba",9.1006,7.21391
"636","kosh1246","atla1278","Koshin",6.5817,10.299
"637","kota1272","atla1278","Kotafon Gbe",6.64027,1.72346
"638","kota1274","atla1278","Kota (Gabon)",1.016,13.97
"639","koti1238","atla1278","Koti",-16.4823,39.7602
"640","koyo1242","atla1278","Koyo",-0.69688,15.7508
"641","kpag1238","atla1278","Kpagua",4.96154,20.1584
"642","kpal1241","atla1278","Kpala",4.51093,20.3108
"643","kpan1246","atla1278","Kpan",7.58343,10.1642
"644","kpas1242","atla1278","Kpasam",8.75286,11.231
"645","kpat1246","atla1278","Kpati",7.25286,9.97669
"646","kpes1238","atla1278","Kpessi",8.05471,1.21078
"647","kpla1238","atla1278","Kplang",8.06653,-0.80295
"648","krac1238","atla1278","Krache",7.93475,0.01925
"649","krim1238","atla1278","Krim",7.24116,-11.8393
"650","krob1245","atla1278","Krobu",5.86161,-4.47739
"651","kuan1247","atla1278","Kuanyama",-17.7176,16.58
"652","kudu1241","atla1278","Kudu-Camo",11.0819,9.07725
"653","kuga1239","atla1278","Gengle-Kugama",8.91972,12.12947
"654","kugb1241","atla1278","Kugbo",4.72951,6.56333
"655","kuke1242","atla1278","Kukele",6.70286,8.39343
"656","kukk1239","atla1278","Kuk",6.43762,10.1841
"657","kulu1255","atla1278","Kulung (Nigeria)",9.20815,11.04651
"658","kumb1238","atla1278","Kumba",8.82122,12.04155
"659","kund1255","atla1278","Chikunda",-15.7337,30.2804
"660","kung1260","atla1278","Kung",6.53881,10.2073
"661","kuny1238","atla1278","Kunyi",-3.69702,12.5197
"662","kuoo1238","atla1278","Kuo",7.97771,15.4843
"663","kupa1238","atla1278","Kupa",8.48437,6.35806
"664","kura1248","atla1278","Kura Ede Nago",9.43401,1.49505
"665","kura1249","atla1278","Kurama",10.4766,7.93507
"666","kuri1259","atla1278","Kuria",-1.50636,34.5049
"667","kurm1245","atla1278","Kurmin Dangana",9.6,7.916667
"668","kusa1250","atla1278","Kusaal",10.9703,-0.38756
"669","kusu1252","atla1278","Kusu",-3.61459,25.2923
"670","kute1248","atla1278","Kutep",7.07479,10.0916
"671","kutu1262","atla1278","Kuturmi",10.1485,7.96524
"672","kutu1263","atla1278","Kutu",-7.23789,37.8623
"673","kuva1244","atla1278","Kuvale",-15.3065,12.7148
"674","kuwa1246","atla1278","Kuwaataay",12.48255,-16.74835
"675","kwaa1262","atla1278","Baa",9.42222,11.4439
"676","kwaa1265","atla1278","Kwa'",4.88273,10.3453
"677","kwaj1242","atla1278","Kwaja-Ndaktup",6.650434,11.06
"678","kwak1266","atla1278","Kwakum",4.34393,13.6446
"679","kwam1250","atla1278","Kwami",-1.53712,27.4633
"680","kwam1251","atla1278","Kwambi",-18.0339,15.7294
"681","kwan1273","atla1278","Kwangali",-17.9026,19.256
"682","kwan1276","atla1278","Kwanja",6.30293,11.6931
"683","kwan1289","atla1278","Kwandu",-13.80147,13.11922
"684","kwas1243","atla1278","Kwasio",2.39354,10.0812
"685","kway1241","atla1278","Kwaya",-1.80737,33.71
"686","kwer1261","atla1278","Kwere",-6.50666,38.4449
"687","kwes1244","atla1278","Kwese",-5.60445,18.5759
"688","kyak1243","atla1278","Kyak",9.51524,11.2785
"689","laal1241","atla1278","Láá Láá Bwamu",11.6524,-3.17735
"690","laar1238","atla1278","Laari",-4.25,14.9
"691","labi1245","atla1278","Labir",10.4847,9.59527
"692","laim1240","atla1278","Laimbue",6.28158,10.1427
"693","lala1261","atla1278","Lala-Roba",9.89429,12.169
"694","lala1264","atla1278","Lala-Bisa",-12.945,30.2297
"695","lali1242","atla1278","Lalia",-1.11711,23.3634
"696","lama1275","atla1278","Lama (Togo)",8.66954,0.833293
"697","lamb1271","atla1278","Lamba",-12.3366,27.9026
"698","lamb1272","atla1278","Lambya",-9.49372,33.15852
"699","lame1257","atla1278","Lame",10.7229,8.78768
"700","lamj1245","atla1278","Lamja-Dengsa-Tola",8.63772,12.1644
"701","lamn1239","atla1278","Lamnso'",6.39743,11.0684
"702","land1256","atla1278","Landoma",10.8753,-14.0895
"703","lang1318","atla1278","Langbashe",4.87523,20.109
"704","lang1320","atla1278","Langi",-4.71413,35.9517
"705","lart1238","atla1278","Larteh",5.9367,-0.07822
"706","laru1238","atla1278","Laru (Nigeria)",10.5756,4.43514
"707","lebu1234","atla1278","Lebu Wolof",14.7456291324,-17.490288
"708","leel1242","atla1278","Leelau",9.29145,11.1636
"709","lefa1242","atla1278","Lefa",5.05845,11.114
"710","lega1249","atla1278","Lega-Shabunda",-3.83196,27.1424
"711","lega1250","atla1278","Lega-Mwenga",-3.39007,28.2621
"712","legb1242","atla1278","Legbo",6.02645,7.98385
"713","leha1242","atla1278","Lehar",14.9387,-16.8816
"714","lele1264","atla1278","Lelemi",7.34549,0.50746
"715","lele1265","atla1278","Lele (Democratic Republic of Congo)",-4.94672,20.5674
"716","lemo1242","atla1278","Lemoro",10.4366,8.70513
"717","leng1258","atla1278","Lengola",-1.95874,25.3343
"718","lenj1248","atla1278","Lenje",-14.7192,28.2581
"719","leny1238","atla1278","Lenyima",6.00131,8.28951
"720","lere1241","atla1278","Lere",10.4789,8.93337
"721","leti1245","atla1278","Leti (Cameroon)",4.57457,11.405
"722","leyi1238","atla1278","Leyigha",5.98832,8.20861
"723","libi1244","atla1278","Libinza",1.97729,18.8886
"724","lige1238","atla1278","Ligenza",2.86168,22.4936
"725","liji1238","atla1278","Lijili",8.52193,8.35562
"726","lika1243","atla1278","Liko",2.13777,27.6088
"727","liki1240","atla1278","Balobo",1.75106,19.0222
"728","liku1242","atla1278","Likuba",-1.27931,16.4702
"729","likw1239","atla1278","Likwala",-0.48981,16.5967
"730","lima1246","atla1278","Limassa",2.26808,16.1874
"731","limb1268","atla1278","Limbum",6.58608,10.9802
"732","ling1263","atla1278","Kinshasa Lingala",-4.409174,15.28532
"733","lito1235","atla1278","Litoka",2.69,19.24
"734","liwe1234","atla1278","Liwengi",-9.58491,35.12116
"735","loba1239","atla1278","Lobala",2.04881,18.3667
"736","lobi1245","atla1278","Lobi",9.96122,-3.336
"737","logb1245","atla1278","Ikpana",6.92838,0.43068
"738","logo1258","atla1278","Logooli",0.09487,34.729
"739","loka1252","atla1278","Lokaa",5.91483,8.0933
"740","lolo1261","atla1278","Lolo",-17.0232,35.9451
"741","loma1258","atla1278","Loma (Côte d'Ivoire)",9.40172,-3.47051
"742","lomb1260","atla1278","Lombo",0.88267,24.6862
"743","lomw1241","atla1278","Mozambique Lomwe",-16.0381,37.2437
"744","long1387","atla1278","Longto",8.33313,13.0568
"745","long1389","atla1278","Longuda",9.75787,11.8378
"746","lonz1238","atla1278","Lonzo",-4.61444,16.7259
"747","looo1238","atla1278","Loo",9.4066,11.0511
"748","lopa1238","atla1278","Lopa",10.3756,4.67396
"749","lozi1239","atla1278","Lozi",-17.7052,24.7398
"750","luba1249","atla1278","Luba-Lulua",-5.72717,22.4422
"751","luba1250","atla1278","Luba-Katanga",-8.2816,25.8918
"752","lubi1238","atla1278","Lubila",5.46011,8.29204
"753","luch1239","atla1278","Luchazi",-14.0648,22.2437
"754","lucu1238","atla1278","Lucumi",22.9514,-82.441
"755","lufu1237","atla1278","Lufu",7.25555,10.9499
"756","lugu1238","atla1278","Luguru",-6.86828,37.5557
"757","luim1238","atla1278","Luimbi",-11.2221,17.5385
"758","lukp1238","atla1278","Lukpa",9.51949,1.66954
"759","lumb1249","atla1278","Lumbu",-3.37917,11.124
"760","luna1244","atla1278","Luna",-5.08693,23.5426
"761","lund1266","atla1278","Lunda",-11.1793,23.8662
"762","luoc1235","atla1278","Luo (Cameroon)",5.9072,9.91259
"763","luse1252","atla1278","Lusengo",0.16988,18.3991
"764","luva1239","atla1278","Luvale",-13.5382,22.2924
"765","luya1241","atla1278","Luyi",-15.01,22.67
"766","lwal1238","atla1278","Lwalu",-7.16388,22.1097
"767","lwan1234","atla1278","Lwanzali",-9.3404,35.27635
"768","lwel1234","atla1278","Lwel",-4.38475,20.6314
"769","lyel1241","atla1278","Lyélé",12.4305,-2.59229
"770","maas1239","atla1278","Maasina Fulfulde",11.1324,-3.64763
"771","maba1270","atla1278","Mabaale",2.11942,20.8759
"772","mach1265","atla1278","Machinga",-9.37101,39.4268
"773","mach1266","atla1278","Machame",-3.29385,37.0703
"774","mada1282","atla1278","Mada (Nigeria)",9.02294,8.34119
"775","made1252","atla1278","Ma (Democratic Republic of Congo)",3.69351,26.9939
"776","magh1238","atla1278","Mághdì",9.2888,11.0232
"777","mago1246","atla1278","Magoma",-9.23498,33.9826
"778","maho1248","atla1278","Mahongwe",0.64356,14.0472
"779","main1272","atla1278","Maindo",-18.3143,36.5941
"780","maka1304","atla1278","Makaa",4.15471,13.0789
"781","maka1325","atla1278","Makanjaula",-9.52396,34.79638
"782","makh1260","atla1278","Makhuwa-Shirima",-14.251,36.5249
"783","makh1261","atla1278","Makhuwa-Meetto",-11.9553,38.6874
"784","makh1262","atla1278","Makhuwa-Marrevone",-16.9394,39.1203
"785","makh1264","atla1278","Makhuwa",-14.8509,38.8052
"786","makh1265","atla1278","Makhuwa-Moniga",-17.294,38.093
"787","makh1266","atla1278","Makhuwa-Saka",-13.6443,39.5323
"788","makn1235","atla1278","Mak (Nigeria)",9.37299,11.1337
"789","mako1251","atla1278","Makonde",-10.9906,39.5133
"790","makw1236","atla1278","Makwe",-10.4673,40.0274
"791","mala1256","atla1278","Malawi Lomwe",-15.56729,35.43347
"792","mala1475","atla1278","Malawi Sena",-16.6183,34.991
"793","malb1235","atla1278","Malba Birifor",9.78465,-2.90623
"794","mali1279","atla1278","Malila",-9.16619,33.339
"795","mali1280","atla1278","Malimba",3.67696,9.67186
"796","mama1271","atla1278","Mamara Senoufo",12.4871,-5.28245
"797","mama1272","atla1278","Mama",8.8062,8.78601
"798","mamb1294","atla1278","Mambai",9.6121,14.0013
"799","mamb1296","atla1278","Mambwe-Lungu",-8.86817,31.2269
"800","mamp1244","atla1278","Mampruli",10.3884,-0.74675
"801","mand1419","atla1278","Mandjak",12.829,-15.9217
"802","mand1423","atla1278","Manda-Matumba",-10.3991,34.7424
"803","mang1387","atla1278","Mangayat",8.38023,25.9024
"804","mani1294","atla1278","Manigri-Kambolé Ede Nago",8.83338,1.69523
"805","mank1251","atla1278","Mankanya",12.2615066667,-15.74389
"806","mans1259","atla1278","Mansoanka",12.8218,-15.9202
"807","mant1267","atla1278","Manta",6.0213,9.59489
"808","many1258","atla1278","Manyika",-18.1927,32.8052
"809","many1259","atla1278","Manyawa",-16.4963,36.8459
"810","manz1243","atla1278","Manza",6.51218,18.7935
"811","maor1244","atla1278","Maore Comorian",-12.830306,45.154942
"812","mara1392","atla1278","Marama",0.19,34.49
"813","mara1393","atla1278","Marachi",0.34,34.22
"814","mare1260","atla1278","Marenje",-16.2129,35.7425
"815","masa1299","atla1278","Masaaba",1.05906,34.2829
"816","mash1267","atla1278","Mashi (Zambia)",-16.7256,22.5983
"817","mash1269","atla1278","Mashi (Nigeria)",6.91719,10.2778
"818","mate1258","atla1278","Matengo",-11.554,35.0056
"819","matu1259","atla1278","Matumbi",-8.53734,39.0409
"820","maxi1236","atla1278","Maxi Gbe",7.57292,1.78181
"821","maye1238","atla1278","Mayeka",4,24
"822","mayo1261","atla1278","Mayogo",2.79827,27.8282
"823","mbaa1245","atla1278","Mba",1.06885,25.143
"824","mbal1255","atla1278","Central Wambo",-17.578884,16.027517
"825","mbal1257","atla1278","Mbala",-5.11888,18.041
"826","mban1262","atla1278","Mbangi",4.69967,22.06451
"827","mban1263","atla1278","Mbandja",3.98003,19.4455
"828","mban1264","atla1278","Mbangala",-9.15592,17.4086
"829","mban1268","atla1278","Mbangwe",-2.28729,13.5956
"830","mbat1247","atla1278","Mbato",5.34421,-3.70421
"831","mbat1248","atla1278","Mbati",3.94184,17.7529
"832","mbee1249","atla1278","Mbe",6.57067,8.82998
"833","mbee1250","atla1278","Mbe'",6.25838,11.0906
"834","mbel1240","atla1278","Mbelime",10.4532,0.95645
"835","mber1257","atla1278","Mbere-Mbamba",-0.477445,14.2877
"836","mbes1238","atla1278","Mbesa",1.6207,22.8389
"837","mbes1239","atla1278","Mbessa",6.31,10.407
"838","mboc1235","atla1278","Mbo (Cameroon)",5.13981,9.92766
"839","mbod1238","atla1278","Mbo (Democratic Republic of Congo)",1.11602,28.018
"840","mboi1246","atla1278","Mboi",9.86954,12.545
"841","mbok1243","atla1278","Mboko",0.43541,14.7935
"842","mbol1247","atla1278","Mbole",-0.57181,24.0443
"843","mbon1252","atla1278","Mbonga",5.7517,13.6471
"844","mbon1253","atla1278","Mbongno",6.82543,11.1316
"845","mbos1242","atla1278","Mbosi",-1.23019,15.5322
"846","mbow1246","atla1278","Mbowe",-14.2941,23.9819
"847","mbre1244","atla1278","Mbre",8.20929,-5.72944
"848","mbug1240","atla1278","Mbugu",-4.72863,38.3519
"849","mbug1242","atla1278","Mbugwe",-3.75763,35.8133
"850","mbuk1240","atla1278","Mbukushu",-17.6827,22.5026
"851","mbuk1244","atla1278","Mbuk",6.535575,10.415141
"852","mbul1258","atla1278","Mbulungish",10.8553,-14.7372
"853","mbul1260","atla1278","Mbula-Bwazza",9.60769,12.2439
"854","mbul1262","atla1278","Mbule",4.50635,10.9924
"855","mbum1254","atla1278","Mbum",7.5789,14.2722
"856","mbun1248","atla1278","Mbunga",-8.19661,36.5362
"857","mbun1249","atla1278","Mbunda",-14.603,21.9768
"858","mbuu1238","atla1278","Ajumbu",6.53792,10.2556
"859","mbwe1238","atla1278","Mbwela",-13.3267,18.2243
"860","medu1238","atla1278","Medumba",5.10901,10.6118
"861","mend1261","atla1278","Mendankwe-Nkwen",6.00034,10.2307
"862","meng1263","atla1278","Mengisa",4.5932,11.3947
"863","meng1264","atla1278","Mengaka",5.71399,10.3377
"864","menk1238","atla1278","Menka",5.94639,9.69161
"865","meru1245","atla1278","Meru",0.26484,37.7396
"866","mesa1245","atla1278","Mesaka",6.32679,9.8723
"867","meta1238","atla1278","Meta'",5.88942,9.87416
"868","mfin1238","atla1278","Mfinu",-4.26573,16.2559
"869","mfum1238","atla1278","Southern Mfumte",6.6,10.936386
"870","mids1243","atla1278","Mid-Southern Banda",5.87893,22.4666
"871","mika1256","atla1278","Mikaya-Bambengangale-Baluma",1.488279,15.951762
"872","ming1254","atla1278","Mingang Doso",9.25942,11.295
"873","mitu1240","atla1278","Mituku",-1.57031,25.104
"874","miyo1238","atla1278","Miyobe",9.94366,1.33302
"875","mlom1238","atla1278","Mlomp",12.8318,-16.5383
"876","mmaa1238","atla1278","Mmaala",4.52188,11.0599
"877","mmen1238","atla1278","Mmen",6.43213,10.2541
"878","moba1244","atla1278","Moba",10.9496,0.159565
"879","moch1256","atla1278","Mochi",-3.33743,37.3357
"880","moic1236","atla1278","Moi (Congo)",-1.72413,16.4556
"881","moin1241","atla1278","Moingi",1.20615,23.5035
"882","moko1243","atla1278","Mokole",11.0438,3.05998
"883","mokp1238","atla1278","Mokpa",-1.95077,25.043698
"884","mokp1239","atla1278","Mokpwe",4.24178,9.23887
"885","mole1238","atla1278","Molengue",1.3718,9.61289
"886","momj1237","atla1278","Mom Jango",8.8658,12.7473
"887","mong1338","atla1278","Mongo",-1.54228,20.4259
"888","mong1345","atla1278","Mongoba-Kazibati",2.80983,29.5637
"889","mono1269","atla1278","Mono (Cameroon)",8.78372,14.2254
"890","mono1270","atla1278","Mono (Democratic Republic of Congo)",4.57915,19.8264
"891","monz1249","atla1278","Monzombo",3.19008,18.5129
"892","mooo1239","atla1278","Moo",9.44081,11.204
"893","moss1236","atla1278","Mossi",11.95,-1.32
"894","moza1251","atla1278","Mozambican Ngoni",-12.923,38.892
"895","mpam1239","atla1278","Mpama",-0.739203,17.685662
"896","mpie1238","atla1278","Mpiemo",3.45776,15.5246
"897","mpin1234","atla1278","Mpinda",-10.76,13.72
"898","mpon1254","atla1278","Mpongmpong",3.14015,14.866
"899","mpot1240","atla1278","Mpoto",-11.13767,34.71269
"900","mpra1235","atla1278","Mpra",8.867,-1.25
"901","mpuo1241","atla1278","Mbuun",-5.21134,19.4269
"902","mund1325","atla1278","Mundang",9.83195,14.4751
"903","mund1326","atla1278","Mündü",4.22755,29.9967
"904","mund1327","atla1278","Mundani",5.68073,9.91533
"905","mund1328","atla1278","Mundabli-Mufu",6.59969,10.2704
"906","mung1266","atla1278","Mungaka",5.89752,10.0294
"907","mush1238","atla1278","Mushungulu",0.00689,42.6626
"908","mvan1238","atla1278","Mvano",6.75724,11.1843
"909","mwal1237","atla1278","Mwali Comorian",-12.3164,43.741
"910","mwan1247","atla1278","Mwani",-12.5821,40.4601
"911","mwen1238","atla1278","Mwenyi",-14.73379,22.45046
"912","mwer1247","atla1278","Mwera (Nyasa)",-11.3304,34.8959
"913","mwer1248","atla1278","Mwera (Chimwera)",-9.75639,38.8762
"914","mwes1234","atla1278","Mwesa",0.086134,13.30037
"915","mwim1241","atla1278","Mwimbi-Muthambi",-0.11968,37.5939
"916","mwin1241","atla1278","Mwini",0.93435,43.56061
"917","myen1241","atla1278","Myene",-1.48741,9.50247
"918","nabi1240","atla1278","Nabit",10.857778,-0.671111
"919","nafa1258","atla1278","Nafanan",8.00522,-2.51001
"920","nagu1244","atla1278","Nagumi",8.7162,13.4264
"921","naki1238","atla1278","Naki",6.62784,10.2378
"922","nalu1240","atla1278","Nalu",11.0397,-14.8188
"923","namb1291","atla1278","Nambya",-19.0899,26.0394
"924","nand1264","atla1278","Nande",-0.24904,29.0243
"925","nane1238","atla1278","Nanerigé Sénoufo",11.7548,-4.92148
"926","nate1242","atla1278","Nateni",10.5191,1.21879
"927","nath1238","atla1278","Nathembo",-16.0973,39.9062
"928","nati1243","atla1278","Natioro",10.7176,-5.19517
"929","nawd1238","atla1278","Nawdm",7.17037,0.58553
"930","nawu1242","atla1278","Nawuri",8.45116,0.04947
"931","ncan1245","atla1278","Ncane-Mungong",6.50696,10.5312
"932","nchu1238","atla1278","Nchumbulu",7.6302,-1.30881
"933","ndai1238","atla1278","Ndai",8.09039,14.2888
"934","ndak1241","atla1278","Ndaka",1.53341,27.9693
"935","ndak1242","atla1278","Ndaktup",6.7,11.03
"936","ndal1241","atla1278","Ndali",-9.88948,33.6118
"937","ndam1239","atla1278","Ndamba",-8.40485,36.0271
"938","ndam1254","atla1278","Ndambomo",-0.82,12.77
"939","ndan1241","atla1278","Nda'nda'",5.14715,10.3942
"940","ndas1238","atla1278","Ndasa",-2.449015,13.369465
"941","ndau1241","atla1278","Ndau",-20.1239,33.1739
"942","ndem1249","atla1278","Ndemli",4.58061,10.2197
"943","nden1248","atla1278","Ndengereko",-7.54628,38.958
"944","nden1249","atla1278","Ndendeule",-10.4203,36.0105
"945","nden1250","atla1278","Nde-Nsele-Nta",6.17426,8.49836
"946","ndob1238","atla1278","Ndobo",1.32539,18.6151
"947","ndoe1238","atla1278","Ndoe",6.08134,8.69131
"948","ndog1248","atla1278","Ndogo",7.73028,27.5588
"949","ndol1238","atla1278","Ndolo",2.15101,19.4087
"950","ndom1244","atla1278","Ndombe",-12.96548,13.37097
"951","ndon1254","atla1278","Ndonga",-17.22,17.35
"952","ndoo1241","atla1278","Ndoola",7.2884,11.3096
"953","ndum1239","atla1278","Ndumu",-1.67033,13.7279
"954","ndun1249","atla1278","Ndunga",2.3886,21.5755
"955","ndun1251","atla1278","Ndunda",6.73205,11.11047
"956","ndut1239","atla1278","Ndut",14.925,-16.9811
"957","ndwe1234","atla1278","Ndwewe",-8.94,36.13
"958","ndze1235","atla1278","Ndzerem",6.07,10.66
"959","ndzw1235","atla1278","Ndzwani Comorian",-12.2123,44.3709
"960","ngal1296","atla1278","Ngala-Santandrea",6.63187,24.61853
"961","ngam1267","atla1278","Ngamambo",5.87975,10.0779
"962","ngan1299","atla1278","Ngangam",10.2523,0.70509
"963","ngan1300","atla1278","Ngandyera",-16.6359,21.1928
"964","ngan1302","atla1278","Ngando-Lalia",-0.14363,22.6231
"965","ngan1304","atla1278","Ngando (Central African Republic)",3.71666,17.6499
"966","ngaz1238","atla1278","Ngazidja Comorian",-11.6129,43.36
"967","ngba1284","atla1278","Ngbaka Ma'bo",4,18.12
"968","ngba1285","atla1278","Ngbaka Minagende",2.98887,18.994
"969","ngba1287","atla1278","Ngbaka Manza",5.30167,18.4119
"970","ngbe1238","atla1278","Ngbee",3.60447,27.6529
"971","ngbi1238","atla1278","Ngbinda-Mayeka",3.27251,23.5669
"972","ngbu1241","atla1278","Ngbundu",3.82245,18.7183
"973","ngel1238","atla1278","Ngelima",1.81314,24.8754
"974","ngem1255","atla1278","Ngemba",5.97864,10.1469
"975","ngen1257","atla1278","Ngendelengo",-13.88747,13.12802
"976","ngie1241","atla1278","Ngiemboon",5.56777,10.1266
"977","ngie1242","atla1278","Ngie",5.93852,9.79389
"978","ngin1244","atla1278","Ngindo",-9.78145,37.9832
"979","ngom1268","atla1278","Ngombe (Democratic Republic of Congo)",1.45357,20.14148
"980","ngom1270","atla1278","Ngom",0.882925,14.1345
"981","ngom1271","atla1278","Ngombale",5.70306,10.1446
"982","ngom1272","atla1278","Ngomba",5.63067,10.237
"983","ngon1267","atla1278","Ngongo",-5.5,18.2
"984","ngon1269","atla1278","Tanzania-Mozambique Ngoni",-11.7794,37.4118
"985","ngos1238","atla1278","Ngoshie",6.04616,9.83193
"986","ngub1239","atla1278","Ngubi",-3.433411,10.768112
"987","ngul1246","atla1278","Ngulu",-5.79734,37.6823
"988","ngul1247","atla1278","Ngwii",-4.09816,19.5129
"989","ngum1255","atla1278","Ngumbi",1.72096,9.73613
"990","ngun1266","atla1278","Ngundu",4.88628,20.4218
"991","ngun1270","atla1278","Ngundi",3.02108,16.21457
"992","ngun1272","atla1278","Ngungwel",-1.82055,15.6218
"993","ngur1263","atla1278","Ngoreme",-1.8485,34.6173
"994","ngwe1238","atla1278","Ngwe",5.49787,9.9028
"995","ngwo1241","atla1278","Ngwo",6.17739,9.84369
"996","niel1243","atla1278","Niellim",9.70362,17.81346
"997","nige1253","atla1278","Hausa States Fulfulde",10.9972,11.1188
"998","nige1255","atla1278","Western Mambila",6.69736,11.3161
"999","nila1242","atla1278","Nilamba",-4.50002,34.3068
"1000","nimb1256","atla1278","Nimbari",9.67581,13.8266
"1001","nind1242","atla1278","Nindi",-11.2569,36.3116
"1002","ning1271","atla1278","Ningye",9.29341,8.43562
"1003","ninz1246","atla1278","Ninzo",8.95791,8.47328
"1004","njan1240","atla1278","Njanga",6.41,11.51
"1005","njeb1242","atla1278","Njebi",-2.18115,12.7063
"1006","njen1238","atla1278","Njen",5.75169,9.90439
"1007","njer1242","atla1278","Njerep",6.82183,11.521
"1008","njye1238","atla1278","Njyem",2.30483,14.1175
"1009","nkam1239","atla1278","Nkami",7.0556,-0.0372
"1010","nkan1238","atla1278","Nkangala",-13.3688,19.0476
"1011","nkar1238","atla1278","Nkari",5.43898,7.76345
"1012","nkem1242","atla1278","Nkem-Nkum",6.59158,8.68668
"1013","nkhu1238","atla1278","Nkhumbi",-15.4126,13.9704
"1014","nkon1245","atla1278","Nkonya-Nkami",7.20316,0.3209
"1015","nkon1247","atla1278","Nkongho",5.33848,9.80096
"1016","nkon1248","atla1278","Nkonya",7.20316,0.3209
"1017","nkoy1244","atla1278","Nkoya",-14.8513,24.7649
"1018","nkuk1238","atla1278","Nkukoli",5.7562,8.28051
"1019","nkut1238","atla1278","Nkutu",-3.67432,22.6802
"1020","nnam1238","atla1278","Nnam",6.31319,8.48975
"1021","noma1260","atla1278","Nomaande",4.5893,10.9157
"1022","noon1242","atla1278","Noon",14.792,-16.9205
"1023","noon1243","atla1278","Noone",6.37256,10.5707
"1024","nort2765","atla1278","Northern Kissi",8.7283,-10.4063
"1025","nort2770","atla1278","North Fali",9.9249,13.6567
"1026","nort2774","atla1278","Northern Ngbandi",3.56357,21.85251
"1027","nort2775","atla1278","Northwest Gbaya",5.9503,15.2569
"1028","nort2780","atla1278","Northern Dagara",11.0441,-3.0124
"1029","nort2784","atla1278","Northern Nuni",12.131,-2.98206
"1030","nort2787","atla1278","Northern Toussian",11.133,-4.88274
"1031","nort2795","atla1278","Zimbabwean Ndebele",-20.2513,27.4096
"1032","nort3247","atla1278","Northeast Bainounk",13.213,-15.835
"1033","nort3260","atla1278","Northern Alantika Vere",8.829761,12.850757
"1034","nort3345","atla1278","Northwestern Lingala",1.403245,19.782905
"1035","notr1240","atla1278","Notre",10.7025,1.27435
"1036","noyy1238","atla1278","Noy",9.42495,17.9136
"1037","nsar1238","atla1278","Nsari",6.63008,10.5993
"1038","nsen1242","atla1278","Nsenga",-15.3946,31.3544
"1039","nson1238","atla1278","Nsongo",-10.5166,16.7348
"1040","ntch1242","atla1278","Ntcham",9.23971,0.599275
"1041","nter1234","atla1278","Nterato",8.831601,0.097933
"1042","ntom1248","atla1278","Ntomba",-1.99062,18.265
"1043","nuba1241","atla1278","Nubaca",4.35696,11.029
"1044","nucl1240","atla1278","Mumuye",8.90347,11.71545
"1045","nucl1347","atla1278","Wolof",15.2534,-15.383
"1046","nucl1379","atla1278","Kinga",-9.35868,34.2321
"1047","nucl1396","atla1278","Sena",-19.7933,34.9829
"1048","nucl1417","atla1278","Igbo",4.62705,7.23441
"1049","nugu1242","atla1278","Nugunu (Cameroon)",4.63103,11.1837
"1050","numa1252","atla1278","Numana",9.16563,8.4657
"1051","nung1292","atla1278","Nungu",8.95481,8.62164
"1052","nupe1254","atla1278","Nupe-Nupe-Tako",9.18404,5.40031
"1053","nyak1260","atla1278","Nyakyusa-Ngonde",-9.71018,33.7763
"1054","nyal1250","atla1278","Nyali",1.92098,30.0201
"1055","nyam1275","atla1278","Nyamwanga",-9.11261,32.3163
"1056","nyam1276","atla1278","Nyamwezi",-5.08559,32.94452
"1057","nyam1277","atla1278","Nyambo",-1.6096,30.9156
"1058","nyan1302","atla1278","Nyangbo",6.82649,0.37152
"1059","nyan1303","atla1278","Nyanga-li",2.97634,29.1805
"1060","nyan1304","atla1278","Nyanga",-1.29357,28.31546
"1061","nyan1305","atla1278","Nyaneka",-15.9616,14.94
"1062","nyan1307","atla1278","Nyankole",-0.46364,30.548
"1063","nyan1308","atla1278","Nyanja",-14.8047,32.8108
"1064","nyan1311","atla1278","Nyanjang",6.6346,11.67572
"1065","nyar1245","atla1278","Nyarafolo Senoufo",9.66934,-5.11685
"1066","nyat1246","atla1278","Nyaturu",-5.12263,34.6657
"1067","nyem1238","atla1278","Nyemba",-15.709,18.2515
"1068","nyen1257","atla1278","Nyengo",-17.2314,22.4787
"1069","nyih1239","atla1278","Nyiha (Malawi)",-9.5372,33.0995
"1070","nyih1240","atla1278","Nyiha (Tanzania)",-9.4472,32.9057
"1071","nyik1246","atla1278","Nyika (Malawi and Zambia)",-10.0231,33.481
"1072","nyik1247","atla1278","Nyika (Tanzania)",-8.133,31.8127
"1073","nyin1248","atla1278","Nyindu",-3.03802,28.6434
"1074","nyok1243","atla1278","Nyokon",4.75,10.5
"1075","nyol1238","atla1278","Nyole",0.88072,33.9181
"1076","nyon1241","atla1278","Nyong",7.274185,11.061485
"1077","nyor1244","atla1278","Nyore",0.07523,34.6166
"1078","nyor1246","atla1278","Nyoro",0.95294,31.3493
"1079","nyun1248","atla1278","Nyungwe",-16.4757,33.0233
"1080","nzad1234","atla1278","Nzadi",-4.102208,20.194462
"1081","nzak1246","atla1278","Nzakambay",7.66745,15.6675
"1082","nzak1247","atla1278","Nzakara",4.79567,22.8254
"1083","nzim1238","atla1278","Nzima",5.1785,-2.81123
"1084","oban1244","atla1278","Obanliku",6.4794,9.27156
"1085","oblo1238","atla1278","Oblo",8.18943,14.29
"1086","obol1243","atla1278","Obolo",4.62851,7.81985
"1087","obul1238","atla1278","Obulom",4.72908,7.11671
"1088","obul1239","atla1278","Obulom-Ochichi",4.72908,7.11671
"1089","ochi1235","atla1278","O'chi'chi'",4.941269,7.138435
"1090","odua1238","atla1278","Odual",4.83273,6.41493
"1091","ogba1241","atla1278","Ogbah",5.25057,6.53895
"1092","ogbi1239","atla1278","Ogbia",4.75352,6.34034
"1093","ogbo1242","atla1278","Ogbogolo",4.90943,6.54706
"1094","ogbr1243","atla1278","Ogbronuagum",4.74842,6.9058
"1095","okob1241","atla1278","Okobo",5.02037,8.08696
"1096","okoe1238","atla1278","Oko-Eni-Osayen",7.53908,6.15725
"1097","okpa1238","atla1278","Okpamheri",7.33708,5.97843
"1098","okpe1249","atla1278","Okpe (Northwestern Edo)",7.29515,6.24719
"1099","okpe1250","atla1278","Okpe (Southwestern Edo)",7.22407,5.94885
"1100","okuu1243","atla1278","Oku",6.23712,10.5096
"1101","olib1234","atla1278","Oli-Bidiman",4.33,9.8
"1102","olom1241","atla1278","Oloma",7.01279,6.02767
"1103","olul1245","atla1278","Olulumo-Ikom",5.97709,8.56546
"1104","omba1241","atla1278","Ombamba-Congo",-2.75341,13.617
"1105","ombo1238","atla1278","Ombo",-2.32162,25.1748
"1106","orin1239","atla1278","Oring",6.68753,8.12005
"1107","orok1266","atla1278","Oroko",4.89504,9.15209
"1108","oroo1241","atla1278","Oro",4.86134,8.11394
"1109","osam1235","atla1278","Osamayi",-0.012,13.61
"1110","osat1238","atla1278","Osatu",6.20829,9.80188
"1111","osos1238","atla1278","Ososo",7.42868,6.21509
"1112","otan1238","atla1278","Otank",6.54809,9.34019
"1113","paas1238","atla1278","Paasaal",10.2004,-1.8048
"1114","pagi1243","atla1278","Pagibete",3.15636,22.1212
"1115","pala1342","atla1278","Palaka Senoufo",9.53815,-4.9271
"1116","pale1262","atla1278","Palen",10.6201,-5.3591
"1117","palo1243","atla1278","Palor",14.8628,-16.9557
"1118","pamb1243","atla1278","Pambia",3.739,26.61
"1119","pamm1242","atla1278","Pam (Cameroon)",7.97779,14.285
"1120","pana1293","atla1278","Pana (Central African Republic)",8.71518,13.6009
"1121","pana1295","atla1278","Pana (Burkina Faso)",13.3501,-3.36685
"1122","pana1298","atla1278","Panawa",10.008075,8.986221
"1123","pand1264","atla1278","Pande",3.57935,16.22754
"1124","pang1286","atla1278","Pangseng",9.304,11.196
"1125","pang1287","atla1278","Pangwa",-9.96782,34.8039
"1126","pape1239","atla1278","Papel",11.8977,-15.8388
"1127","pedi1238","atla1278","Pedi",-24.7993,29.4718
"1128","peee1238","atla1278","Pye",9.27191,9.56437
"1129","peer1241","atla1278","Peere",7.82186,12.2518
"1130","pele1244","atla1278","Pelende",-4.90877,17.3142
"1131","phen1239","atla1278","Phende",-5.64735,19.8275
"1132","phim1238","atla1278","Phimbi",-15.8364,33.3514
"1133","phui1238","atla1278","Phuie",11.02348,-3.47165
"1134","phut1246","atla1278","Phuthi",-30.42311,27.94815
"1135","pimb1238","atla1278","Pimbwe",-6.81358,31.4289
"1136","pinj1243","atla1278","Pinji",-1.90305,11.223
"1137","piny1238","atla1278","Pinyin",5.7991,10.0682
"1138","piti1243","atla1278","Piti",10.1361,8.47037
"1139","pogo1243","atla1278","Pogolo",-8.72283,36.4148
"1140","poke1238","atla1278","Poke",0.73538,23.8972
"1141","poko1261","atla1278","Pokomo",-2.31587,40.2897
"1142","pomo1271","atla1278","Pol",4.243,13.446
"1143","pomo1276","atla1278","Pomo-Kweso",1.83,16.17
"1144","pong1250","atla1278","Pongu",10.0823,6.3745
"1145","pula1262","atla1278","Pular",12.1826,-12.7338
"1146","pula1263","atla1278","Pulaar",13.8694,-13.4482
"1147","punu1239","atla1278","Punu",-2.67362,11.6714
"1148","putu1241","atla1278","Utugwang-Irungene-Afrike",6.65923,8.96041
"1149","rang1269","atla1278","Rang",8.001,10.58
"1150","resh1242","atla1278","Reshe",10.77046,4.62395
"1151","rish1234","atla1278","Rishiwa",10.169,8.3
"1152","rive1257","atla1278","Riverain Sango",4.32811,21.1733
"1153","rogo1238","atla1278","Rogo",10.56,6.946
"1154","romb1244","atla1278","Rombo",-3.07772,37.5382
"1155","rong1268","atla1278","Ronga",-26.7329,32.6167
"1156","rund1241","atla1278","Rundi-Kitwa",-3.022268,29.485248
"1157","rund1242","atla1278","Rundi",-2.94,29.97
"1158","rung1255","atla1278","Rungwa",-7.24959,31.7614
"1159","ruul1235","atla1278","Ruuli",1.41726,32.4179
"1160","ruun1238","atla1278","Ruund",-8.86971,21.4164
"1161","rwaa1238","atla1278","Rwa",-3.42862,36.7686
"1162","saaf1238","atla1278","Saafi-Saafi",14.625,-17.0568
"1163","saam1283","atla1278","Saamia",0.3652,34.0335
"1164","safa1243","atla1278","Safaliba",8.93768,-2.58467
"1165","safw1238","atla1278","Safwa",-8.54936,33.4766
"1166","saga1256","atla1278","Sagala",-6.98537,36.9153
"1167","saga1262","atla1278","Sagalla",-3.60164,38.5037
"1168","saka1287","atla1278","Sakata",-2.85653,17.9669
"1169","sake1247","atla1278","Sake",0.25188,11.787
"1170","sala1266","atla1278","Sala",-15.5848,27.4534
"1171","sala1268","atla1278","Salampasu",-5.44937,23.1502
"1172","sama1300","atla1278","Sama",-9.86931,13.8713
"1173","samb1305","atla1278","Samba Leko",8.19236,11.7366
"1174","samb1307","atla1278","Sambe",9.160672,8.505628
"1175","samb1309","atla1278","Samba",-6.21344,17.1658
"1176","samb1311","atla1278","Sama Mum",8.06905,11.7077
"1177","sang1328","atla1278","Sango",6.78584,20.1702
"1178","sang1329","atla1278","Sanga (Nigeria)",10.4157,8.83882
"1179","sang1330","atla1278","Sangu (Tanzania)",-8.4,33.9
"1180","sang1331","atla1278","Sanga (Democratic Republic of Congo)",-10.0236,26.8462
"1181","sang1333","atla1278","Sangu (Gabon)",-1.52694,11.9098
"1182","sans1272","atla1278","San Salvador Kongo",-5.7114,12.5372
"1183","sasa1247","atla1278","Sasaru",7.06193,6.07531
"1184","saxw1241","atla1278","Saxwe Gbe",6.58269,1.92015
"1185","seba1247","atla1278","Seba",-11.9396,27.5144
"1186","sege1246","atla1278","Segeju",-5.00659,39.12249
"1187","sehw1238","atla1278","Sehwi",6.3172,-2.73146
"1188","seki1238","atla1278","Seki",1.52302,9.79206
"1189","sekp1241","atla1278","Sekpele",7.16751,0.5886
"1190","sele1249","atla1278","Selee",7.17462,0.42458
"1191","sena1262","atla1278","Senar de Kankalaba",10.4987,-5.28216
"1192","seng1278","atla1278","Sengele",-1.92256,17.2965
"1193","sere1260","atla1278","Sereer",13.8941,-16.3916
"1194","sere1264","atla1278","Sere",4.71127,27.4688
"1195","shal1242","atla1278","Shall-Zwall",9.87556,9.64988
"1196","sham1277","atla1278","Shamang",9.47,8.05163
"1197","sham1278","atla1278","Shama-Sambuga",10.4369,6.20275
"1198","sham1280","atla1278","Shambala",-4.8,38.29
"1199","shan1278","atla1278","Shang",9.453585,7.859461
"1200","shan1291","atla1278","Shanjo",-17.309869,25.814035
"1201","shau1238","atla1278","Shau",10.275,9.06674
"1202","shem1239","atla1278","Shempire Senoufo",10.4867,-6.37129
"1203","shen1250","atla1278","Sheni",10.5256,8.63921
"1204","shen1251","atla1278","Sheni-Ziriya",10.52559,8.63921
"1205","sher1258","atla1278","Sherbro",7.77585,-12.7405
"1206","shii1238","atla1278","Shi",-2.55777,28.6122
"1207","shik1242","atla1278","Shiki",10.5238,9.72769
"1208","shiw1234","atla1278","Shiwa",-0.091645,11.947061
"1209","shon1251","atla1278","Shona",-17.20849,29.75725
"1210","shoo1247","atla1278","Shoo-Minda-Nye",8.92577,10.9642
"1211","shub1238","atla1278","Shubi",-2.97663,31.0681
"1212","sich1239","atla1278","Sichela",-8.51176,32.66077
"1213","sici1249","atla1278","Sìcìté Sénoufo",11.1789,-5.28932
"1214","sigh1238","atla1278","Sighu",-0.95605,13.1214
"1215","sima1258","atla1278","Simaa",-15.7434,22.6455
"1216","simb1254","atla1278","Simba",-1.28107,11.1783
"1217","sing1266","atla1278","Singa",-0.24587,33.8997
"1218","sira1266","atla1278","Sira",-1.78084,10.4635
"1219","siss1242","atla1278","Sissala of Burkina Faso",11.0916,-2.38217
"1220","siti1241","atla1278","Siti",9.1667,-2.75
"1221","siwu1238","atla1278","Siwu",7.23811,0.44362
"1222","soca1235","atla1278","So (Cameroon)",3.68257,12.525
"1223","sode1235","atla1278","So (Democratic Republic of Congo)",1.25037,23.6907
"1224","soga1242","atla1278","Soga",0.40456,33.3942
"1225","soli1239","atla1278","Soli",-15.5213,28.7934
"1226","somy1238","atla1278","Somyev",6.90525,11.4826
"1227","sond1250","atla1278","Sonde",-6.32223,18.3555
"1228","song1299","atla1278","Nsong-Mpiin",-4.55057,18.4978
"1229","song1300","atla1278","Songoora",-2.21871,26.3477
"1230","song1303","atla1278","Songe",-5.71993,25.2765
"1231","song1305","atla1278","Ohendo",-3.81041,21.4223
"1232","sout2778","atla1278","Southern Kisi",8.32448,-10.3377
"1233","sout2782","atla1278","South Fali",9.51408,13.6164
"1234","sout2784","atla1278","Southern Ngbandi",2.5414,19.5939
"1235","sout2785","atla1278","Southwest Gbaya",4.70037,14.9569
"1236","sout2787","atla1278","South Central Banda",2.94113,21.051
"1237","sout2789","atla1278","Central Dagaare",10.4226,-2.52265
"1238","sout2790","atla1278","Southern Birifor",9.2873,-2.72672
"1239","sout2795","atla1278","Southern Nuni",11.5186,-2.14385
"1240","sout2797","atla1278","Southern Toussian",10.877,-4.65678
"1241","sout2807","atla1278","Southern Sotho",-28.78,27.89
"1242","sout2808","atla1278","Sumayela Ndebele",-25.6272,29.048
"1243","suba1238","atla1278","Suba",-0.95719,34.1033
"1244","suba1252","atla1278","Suba-Simbiti",-1.103296,34.268
"1245","subi1246","atla1278","Subiya",-17.5696,24.8867
"1246","subi1247","atla1278","Subi",-2.93387,31.3594
"1247","suga1248","atla1278","Nizaa",7.12906,12.3779
"1248","suku1259","atla1278","Suku",-5.76495,17.7736
"1249","suku1261","atla1278","Sukuma",-3.16082,32.8765
"1250","suma1264","atla1278","Suma",7.0953,17.0093
"1251","sumb1240","atla1278","Sumbwa",-3.47335,31.9457
"1252","supy1237","atla1278","Supyire Senoufo",11.632,-5.87709
"1253","surr1238","atla1278","Sur",9.47958,9.49007
"1254","suru1258","atla1278","Vori",10.2254,8.27136
"1255","suun1239","atla1278","Suundi",-4.58488,13.3212
"1256","swah1253","atla1278","Swahili",-8.25605,37.624
"1257","swat1243","atla1278","Swati",-26,31.5
"1258","syan1242","atla1278","Syan",1.280475,34.337012
"1259","syen1235","atla1278","Syenara Senoufo",10.5954,-5.8581
"1260","taab1238","atla1278","Taabwa",-7.91416,29.5238
"1261","tach1242","atla1278","Tachoni",0.6079,34.8298
"1262","tafi1243","atla1278","Tafi",6.79522,0.39875
"1263","tagb1255","atla1278","Tagbu",7.76,27.71
"1264","tagw1240","atla1278","Tagwana Senoufo",8.67053,-5.17372
"1265","tait1250","atla1278","Taita",-3.79347,38.57254
"1266","takw1238","atla1278","Takwane",-16.2276,36.249
"1267","tali1258","atla1278","Talinga-Bwisi",0.676185,29.9494
"1268","tamp1252","atla1278","Tampulma",9.75577,-1.35467
"1269","tanj1247","atla1278","Rjili",9.40121,6.87432
"1270","tanz1241","atla1278","Tanzanian Ngoni",-11.779,35.459
"1271","taro1263","atla1278","Tarok",8.98356,10.0288
"1272","tave1240","atla1278","Taveta",-3.41822,37.7061
"1273","tawa1270","atla1278","Tawara",-16.0167,31.621
"1274","tchi1245","atla1278","Tchitchege",-2.03393,13.6001
"1275","tchu1241","atla1278","Tchumbuli",8.43449,2.55627
"1276","teee1242","atla1278","Tee",4.73213,7.37553
"1277","teen1242","atla1278","Téén",9.84556,-3.71183
"1278","teke1274","atla1278","Teke-Fuumu",-3.59003,15.5061
"1279","teke1275","atla1278","Latege",-1.61688,14.8664
"1280","teke1276","atla1278","Teke-Tyee",-3.50685,13.8668
"1281","teke1277","atla1278","Teke-Laali",-3.34458,13.2703
"1282","teke1278","atla1278","Teke-Eboo-Nzikou",-2.384219,15.623277
"1283","teke1279","atla1278","Teke-Nzikou",-2.65261,15.2047
"1284","teke1280","atla1278","Teke-Kukuya",-2.27122,14.4407
"1285","teke1281","atla1278","Teke-Tsaayi",-2.98028,13.8603
"1286","temb1270","atla1278","Tembo (Kitembo)",-1.91863,28.5778
"1287","temb1272","atla1278","Motembo-Kunda",2.0246,20.36849
"1288","teme1252","atla1278","Teme",8.74437,11.3894
"1289","temi1247","atla1278","Temi",-2.19303,35.8035
"1290","temm1241","atla1278","Tem",8.967,1.136
"1291","tepp1235","atla1278","Tep",6.675724,11.117363
"1292","tete1250","atla1278","Tetela",-4.29314,24.546
"1293","tewe1238","atla1278","Tewe",-18.4459,33.8246
"1294","thaa1239","atla1278","Tha",9.21338,11.1751
"1295","thar1283","atla1278","Tharaka",-0.13221,38.073
"1296","tibe1274","atla1278","Tibea",5.30535,11.3103
"1297","tief1242","atla1278","Tiefo-Daramandugu",10.7184,-4.52619
"1298","tief1244","atla1278","Tiefo-Nyafogo-Numudara",10.85,-4.45
"1299","tien1242","atla1278","Tiene",-2.84694,16.4765
"1300","tigo1236","atla1278","Tigon Mbembe",6.983995,10.70849
"1301","tika1246","atla1278","Tikar",5.87004,11.6104
"1302","timn1235","atla1278","Timne",8.90294,-12.3331
"1303","tita1240","atla1278","Tita",8.19382,10.1272
"1304","tivv1240","atla1278","Tiv",6.88039,9.26287
"1305","tofi1235","atla1278","Tofin Gbe",6.51774,2.43226
"1306","togb1241","atla1278","Togbo-Vara Banda",6.35815,22.7362
"1307","togo1252","atla1278","Togoyo",8.6629,25.9756
"1308","tomb1246","atla1278","Tombidi",-2.227418,12.362376
"1309","tong1318","atla1278","Tonga (Zambia)",-17.422325,27.103495
"1310","tong1320","atla1278","Tongwe",-6.43051,30.0807
"1311","tong1321","atla1278","Tonga (Nyasa)",-12.0816,34.0613
"1312","tooo1238","atla1278","To",7.25936,15.2819
"1313","toor1238","atla1278","Tooro",0.57291,30.6389
"1314","toro1249","atla1278","Toro",9.09143,8.58194
"1315","tote1238","atla1278","Totela",-16.9575,24.3751
"1316","tsaa1242","atla1278","Tsaangi",-2.29245,12.7581
"1317","tsik1238","atla1278","Tsikimba",9.60496,4.88739
"1318","tsis1238","atla1278","Salka-Tsishingini",10.2882,5.11073
"1319","tsog1243","atla1278","Tsogo",-1.55469,11.1359
"1320","tson1249","atla1278","Tsonga",-23.5754,31.8105
"1321","tsoo1241","atla1278","Tso",9.53256,11.4972
"1322","tsot1241","atla1278","Tsotso",0.2975,34.6961
"1323","tsuv1239","atla1278","Tsuvadi",10.8421,5.22095
"1324","tswa1237","atla1278","Tswapong",-23.40552,27.42009
"1325","tswa1253","atla1278","Tswana",-24.368,24.7587
"1326","tswa1255","atla1278","Tswa",-22.9891,32.4287
"1327","tuki1240","atla1278","Tuki",4.64348,11.5353
"1328","tula1252","atla1278","Tula",9.84629,11.52551
"1329","tumb1250","atla1278","Tumbuka",-11.3297,33.3738
"1330","tumu1242","atla1278","Tumulung Sisaala",10.63451,-1.79707
"1331","tune1261","atla1278","Tunen",4.75,10.67
"1332","tuni1251","atla1278","Tunia",9.42506,18.2059
"1333","tunz1235","atla1278","Tunzu",9.115793,10.029445
"1334","tuot1238","atla1278","Tuotomb",4.65626,10.6592
"1335","tupu1244","atla1278","Tupuri",10.0144,14.8697
"1336","turk1306","atla1278","Turka",10.7114,-4.92082
"1337","tuwu1238","atla1278","Tuwuli",7.31095,0.38008
"1338","twen1242","atla1278","Cambap-Langa",6.36656,11.7002
"1339","tyap1238","atla1278","Tyap",9.75568,8.3082
"1340","ubag1245","atla1278","Ubaghara",5.72343,7.96439
"1341","uban1243","atla1278","Ubang",6.40906,9.2616
"1342","udaa1238","atla1278","Uda",4.70196,8.06562
"1343","uham1238","atla1278","Uhami",7.38143,5.68537
"1344","ujin1234","atla1278","Ujindile",-9.24553,34.50936
"1345","ukaa1243","atla1278","Ukaan",7.59722,6.03933
"1346","ukal1234","atla1278","Ukalawa",-9.18589,35.28047
"1347","ukhw1241","atla1278","Ukhwejo",2.9095,16.267
"1348","ukpe1247","atla1278","Ukpe-Bayobiri",6.52883,9.02603
"1349","ukpe1249","atla1278","Ukpet-Ehom",5.58316,8.10047
"1350","ukue1238","atla1278","Ukue",7.41643,5.85139
"1351","ukwa1238","atla1278","Ukwa",5.59913,7.96002
"1352","ukwu1241","atla1278","Ukwuani-Aboh-Ndoni",5.78892,6.48559
"1353","uluk1257","atla1278","Ulukwumi",6.4974,6.59202
"1354","umbu1257","atla1278","Umbundu",-12.4763,14.4148
"1355","umon1238","atla1278","Umon",5.37438,8.10335
"1356","unem1238","atla1278","Uneme",6.97237,6.13427
"1357","urho1239","atla1278","Urhobo",5.31155,5.86148
"1358","usag1244","atla1278","Usaghade",4.78581,8.53463
"1359","utal1238","atla1278","Utalingoro",-9.4366,34.70918
"1360","uten1234","atla1278","Utengule",-8.94924,34.76754
"1361","uvbi1238","atla1278","Uvbie",5.44263,5.77303
"1362","uzek1238","atla1278","Uzekwe",6.58841,8.31399
"1363","vagh1247","atla1278","Kwangic",9.64648,9.56547
"1364","vagh1248","atla1278","Kadung",9.4798,9.34795
"1365","vagl1239","atla1278","Vagla",9.33848,-2.31333
"1366","vanu1242","atla1278","Vanuma",0.93847,29.81348
"1367","vend1245","atla1278","Venda",-22.188,29.9523
"1368","veng1238","atla1278","Vengo",6.11403,10.4137
"1369","vere1252","atla1278","Vere Kaadam",9.006331,12.416214
"1370","vidu1238","atla1278","Vidunda",-7.52674,36.9316
"1371","viem1243","atla1278","Viemo",10.8429,-3.84128
"1372","vili1238","atla1278","Vili",-4.06716,11.3804
"1373","vili1239","atla1278","Vili of Ngounie",-2.752859,10.305563
"1374","vinz1238","atla1278","Vinza",-4.99312,30.5699
"1375","viti1241","atla1278","Viti",6.66524,11.1087
"1376","voro1240","atla1278","Voro",9.78323,12.0719
"1377","vumb1238","atla1278","Vumbu",-2.17673,10.6498
"1378","vunj1238","atla1278","Vunjo",-3.42531,37.5847
"1379","vute1244","atla1278","Vute",6.13603,11.8839
"1380","vwan1235","atla1278","Vwanji",-9.00683,34.0757
"1381","waam1244","atla1278","Waama",10.5956,1.65318
"1382","waci1239","atla1278","Waci Gbe",6.45571,1.69303
"1383","waja1259","atla1278","Waja",9.91175,11.7206
"1384","waka1275","atla1278","Waka",8.79968,11.4932
"1385","wali1263","atla1278","Wali (Ghana)",10.0212,-2.31263
"1386","wame1240","atla1278","Wamey",12.5421,-13.177
"1387","wand1264","atla1278","Wanda",-8.34522,32.4375
"1388","wand1266","atla1278","Wandji",-1.51945,12.8951
"1389","wang1294","atla1278","Wanga",0.343,34.477
"1390","wang1302","atla1278","Wangama",-9.17368,34.497
"1391","wann1241","atla1278","Wannu",7.83859,8.96594
"1392","wapa1235","atla1278","Wapan",7.97862,9.83299
"1393","waph1238","atla1278","Wãpha",9.10829,9.90381
"1394","wara1292","atla1278","Samue",10.7283,-5.37515
"1395","wasa1244","atla1278","Wasa",5.74109,-2.16028
"1396","wawa1246","atla1278","Wawa",6.68974,11.7802
"1397","wehh1238","atla1278","Weh",6.46164,10.121
"1398","weme1239","atla1278","Weme Gbe",6.77227,2.47457
"1399","west2450","atla1278","West-Central Limba",9.52392,-12.3138
"1400","west2454","atla1278","Western Niger Fulfulde",14.2471,-0.52004
"1401","west2456","atla1278","Western Xwla Gbe",6.33455,2.03904
"1402","west2458","atla1278","West Central Banda",6.81435,24.1012
"1403","west2465","atla1278","Western Sisaala",10.8561,-2.36423
"1404","west2466","atla1278","Western Karaboro",10.6298,-4.76482
"1405","west2861","atla1278","West Nyala",0.08,33.99
"1406","winy1241","atla1278","Winyé",11.8239,-2.97518
"1407","womn1235","atla1278","Wom (Nigeria)",8.92708,12.4533
"1408","wong1247","atla1278","Wongo",-5.73837,20.5054
"1409","wudu1238","atla1278","Wudu",7.57619,1.53522
"1410","wumb1241","atla1278","Wumboko-Bubia",4.24717,9.08026
"1411","wumb1242","atla1278","Wumbvu",-2.39234,12.264
"1412","wush1238","atla1278","Wushi",6.07415,10.6035
"1413","wuum1239","atla1278","Wuumu-Mpuono",-4.27,15.72
"1414","xhos1239","atla1278","Xhosa",-31.0389,28.0769
"1415","xwel1235","atla1278","Xwela Gbe",6.41342,2.02985
"1416","yaaa1242","atla1278","Tiyaa",9.57325,9.47875
"1417","yace1238","atla1278","Yace",6.84259,8.84077
"1418","yaka1269","atla1278","Yaka-Pelende-Lonzo",-5.984,16.775
"1419","yaka1272","atla1278","Yaka (Central African Republic)",3.6515,17.2713
"1420","yaka1274","atla1278","Yaka (Congo)",-3.73301,13.3637
"1421","yako1252","atla1278","Yakoma",4.1651,22.1702
"1422","yala1263","atla1278","Yala",6.73852,8.60748
"1423","yamb1251","atla1278","Yamba",6.535505,11.07711
"1424","yamb1252","atla1278","Yambeta",4.83615,10.9369
"1425","yamb1255","atla1278","Yambe",1.90029,17.11304
"1426","yang1289","atla1278","Yango",2.81523,19.0108
"1427","yang1290","atla1278","Yangkam",9.44956,10.2881
"1428","yang1293","atla1278","Nuasue",4.41971,11.0277
"1429","yans1239","atla1278","Yansi",-3.8231,18.2341
"1430","yaoo1241","atla1278","Yao",-13.6119,35.2387
"1431","yasa1242","atla1278","Yasa",2.06043,10.678
"1432","yekh1238","atla1278","Yekhee",7.10204,6.44919
"1433","yela1238","atla1278","Yela-Kela",-2.46204,22.5891
"1434","yemb1246","atla1278","Yemba",5.47421,10.0214
"1435","yend1241","atla1278","Yendang",9,11.8
"1436","yeni1253","atla1278","Yeni",6.48954,11.5392
"1437","yesk1239","atla1278","Nyankpa",9.05454,7.97913
"1438","yeyi1239","atla1278","Yeyi",-18.9178,23.6088
"1439","yomb1244","atla1278","Yombe",-5.1263,12.9657
"1440","yomm1242","atla1278","Yom",9.87186,1.81099
"1441","yoru1245","atla1278","Yoruba",7.15345,3.67225
"1442","yott1234","atla1278","Yotti",9.160993,11.672759
"1443","yuku1243","atla1278","Yukuben",6.9183,9.9777
"1444","zamb1245","atla1278","Zamba",1.25,18.3
"1445","zana1238","atla1278","Zanaki",-2.26367,34.0542
"1446","zand1248","atla1278","Zande",4.62047,26.7157
"1447","zang1249","atla1278","Zan Gula",10.5885,19.1416
"1448","zara1247","atla1278","Zaramo",-6.87705,38.9258
"1449","zemb1238","atla1278","Zemba",-17.2958,13.4424
"1450","zhir1238","atla1278","Zhire",9.55,7.93
"1451","zhoa1238","atla1278","Zhoa",6.53614,10.16651
"1452","zigu1242","atla1278","Zigula",-5.61864,38.4114
"1453","zigu1244","atla1278","Zigula-Mushungulu",-5.61864,38.41138
"1454","zimb1251","atla1278","Zimba",-4.013,26.6083
"1455","zinz1238","atla1278","Zinza",-2.64132,32.1755
"1456","ziri1239","atla1278","Ziriya",10.5218,8.72792
"1457","zula1235","atla1278","Zula",-4.584,26.74
"1458","zulu1248","atla1278","Zulu",-28.9,30.2
