id,family_id,name,latitude,longitude
aheu1239,aust1305,Thavung,17.7655,104.229
alak1253,aust1305,Alak,15.5565,106.597
arem1240,aust1305,Arem,17.7672,105.928
asur1254,aust1305,Asuri,21.5721,83.4562
awac1238,aust1305,Lavia-Awalai-Damangnuo Awa,22.75,99.4833
bahn1262,aust1305,Bahnar,14.0476,108.471
bate1262,aust1305,Batek,4.8223,102.382
besi1244,aust1305,Besisi,2.717,101.676
bhum1234,aust1305,Bhumij,22.552,85.804
bijo1238,aust1305,Bijori,22.5904,84.1907
birh1242,aust1305,Birhor,23.585,85.5611
bitt1240,aust1305,Bit,21.3474,101.916
blan1242,aust1305,Blang,22.0092,99.7405
bodo1267,aust1305,Bodo Gadaba,18.3857,82.771
bola1249,aust1305,Bo-Maleng,18.18657,104.95342
boly1239,aust1305,Bolyu,24.7013,104.955
bond1245,aust1305,Bondo,19.1512,83.8141
bude1236,aust1305,Budeh Stieng,11.6917,106.691
buga1247,aust1305,Bugan,23.6124,104.963
bulo1242,aust1305,Bulo Stieng,11.9777,106.798
carn1240,aust1305,Car Nicobarese,9.18853,92.7671
cent1989,aust1305,Central Khmer,12.0515,105.015
cent1990,aust1305,Central Nicobarese,7.94812,93.3921
cent1992,aust1305,Central Mnong,12.6313,107.301
cent2314,aust1305,Central Chong,12.608611,102.270556
chat1270,aust1305,Chatong,15.65,107.1166
chau1258,aust1305,Chaura,8.45745,93.0331
chew1245,aust1305,Chewong,3.83331,102.081
chon1284,aust1305,Chong of Chanthaburi,12.5218,102.514
chra1242,aust1305,Chrau,10.8021,107.293
chut1247,aust1305,Chut,17.6819,105.773
cuaa1241,aust1305,Cua,15.1688,108.431
dakk1239,aust1305,Dakkang,15.6333,107.25
dana1252,aust1305,Danau,20.4957,96.998
east1236,aust1305,Eastern Katu,15.8553,107.644
east2330,aust1305,Eastern Lawa,19.0136,98.7613
east2332,aust1305,Eastern Bru,17.1311,105.671
east2333,aust1305,Eastern Mnong,12.3939,108.354
east2776,aust1305,Eastern Angkuic,23.480856,101.357664
gata1239,aust1305,Gata',18.6076,82.984
hala1252,aust1305,Halang,14.7862,107.457
hala1253,aust1305,Halang Doan,14.9704,107.86
hooo1248,aust1305,Ho,23.9596,87.1188
hree1244,aust1305,Hre,14.6308,108.694
hung1275,aust1305,Hung,18.7849,104.772
huuu1240,aust1305,Hu,22.0163,100.881
jahh1242,aust1305,Jah Hut,3.67619,102.291
jede1239,aust1305,Jedek,5.3,101.75
jeha1242,aust1305,Jehai,5.63695,101.541
jehh1245,aust1305,Jeh,15.2351,107.753
jeng1241,aust1305,Jeng,15.0392,107.147
juan1238,aust1305,Juang,21.2606,85.5845
jura1242,aust1305,Juray,19.091,84.1204
kaco1239,aust1305,Kaco',13.8274,107.257
kata1264,aust1305,Katang,16.1823,106.459
katu1273,aust1305,Katua,14.8971,108.293
kave1238,aust1305,Kavet,14.1796,106.586
kayo1245,aust1305,Kayong,14.9227,108.447
kens1248,aust1305,Kensiu,5.98085,101.026
khan1274,aust1305,Kháng,21.6624,103.736
khap1242,aust1305,Kha Phong,18.25,105
khar1287,aust1305,Kharia,22.3571,84.3922
khas1269,aust1305,Khasi,24.977,91.9998
khmu1256,aust1305,Khmu,20.2463,101.671
khue1238,aust1305,Khuen,21.0793,101.327
kint1239,aust1305,Kintaq,5.75004,101.277
koda1236,aust1305,Koda,23.234,87.479
koda1254,aust1305,Kodaku,23.5757,83.8454
koho1244,aust1305,Koho,11.6444,108.057
kolb1241,aust1305,Kol (Bangladesh),24.5318,88.337
kork1243,aust1305,Korku,21.8358,77.5541
korw1242,aust1305,Korwa,23.4102,83.8142
krao1238,aust1305,Kraol,12.8107,106.539
krun1240,aust1305,Krung,13.5699,106.761
kuyy1240,aust1305,Kuy,14.6698,104.911
lame1256,aust1305,Lamet,20.40086,100.58413
lano1248,aust1305,Lanoh,4.90934,100.986
lave1248,aust1305,Laven,15.2726,106.322
lave1249,aust1305,Brao,14.5994,107.008
lawi1235,aust1305,Lawi,15.306668,106.734345
lowe1395,aust1305,Lower Ta'oih,15.9083,106.873
lyng1241,aust1305,India Lyngam,25.35,91.05
maaa1253,aust1305,Maa,11.5205,107.339
maha1291,aust1305,Mahali,22.1698,86.7445
majh1236,aust1305,Majhwar,22.8792,83.6138
male1282,aust1305,Maleng,17.913525,105.52746
mall1246,aust1305,Mal,19.273,101.204
mang1378,aust1305,Mang,22.37,102.884
manm1238,aust1305,Man Met,22.0743,100.842
mayy1239,aust1305,May,17.98149,105.62218
mega1243,aust1305,Bangladesh Lyngam,25.1292,91.6132
melk1242,aust1305,Mel-Khaonh,12.95,106.31
minr1238,aust1305,Minriq,5.01108,102.047
mint1239,aust1305,Mintil,4.59376,101.986
mlab1235,aust1305,Mlabri,18.5533,101.163
mokk1243,aust1305,Mok,18.9117,99.5821
monn1252,aust1305,Mon,15.49394,98.122465
mono1268,aust1305,Monom,14.5948,108.348
mund1320,aust1305,Mundari,23.03,85.85
muon1246,aust1305,Muong,20.7374,105.186
ngeq1245,aust1305,Kriang-Khlor,15.6211,106.877
nguo1239,aust1305,Nguôn,17.7243,105.932
nort2684,aust1305,Northern Khmer,14.4674,103.863
nort3270,aust1305,Northern Katang,16.18229,106.4588
nucl1290,aust1305,Zhenkang Wa,23.1024,99.108
nyah1249,aust1305,Nyaheun,15.1034,106.543
nyah1250,aust1305,Nyahkur,15.8909,101.515
nyeu1238,aust1305,Nyeu,14.8817,104.33
oduu1239,aust1305,O'du,19.3497,104.106
oldk1249,aust1305,Old Khmer,13.4125,103.866667
oldm1242,aust1305,Old Mon,14.83,100.5
ongg1239,aust1305,Ong-Ir,15.1225,106.001
oyyy1238,aust1305,Oy,15.42,106.658
paco1243,aust1305,Pacoh,16.3353,107.094
para1301,aust1305,South Wa,22.8658,99.375
pare1266,aust1305,Gorum-Parenga,19.075,83.9723
pear1247,aust1305,Pear,13.593,105.028
phai1238,aust1305,Prai,19.0383,101.218
phal1255,aust1305,Phalo,18.9582,98.789
phon1243,aust1305,Phong,18.60928,104.92259
phon1246,aust1305,Phong-Kniang,19.9622,104.088
phuo1238,aust1305,Phuong,16.2118,107.467
pnar1238,aust1305,Pnar,24.8237,92.2628
puoc1238,aust1305,Ksingmul,20.8862,103.931
reng1252,aust1305,Rengao,14.456,107.9459
rian1261,aust1305,Riang (Myanmar),24.0521,98.8333
roma1331,aust1305,Romam,14.34,107.447
rucc1239,aust1305,Ruc,17.68293,105.7841
ruch1235,aust1305,Ruching Palaung,21.6176,98.0915
ruma1248,aust1305,Rumai Palaung,23.6404,97.3172
sabu1253,aust1305,Sabüm,5.34694,101.065
samt1238,aust1305,Samtao,22.0185,99.2576
sant1410,aust1305,Santali,25.0317,87.8185
saoc1239,aust1305,Sa'och,10.8739,103.835
sapu1248,aust1305,Sapuan,15.3692,106.843
seda1262,aust1305,Sedang,14.7793,108.027
sema1265,aust1305,Semaq Beri,4.1217,102.816
sema1266,aust1305,Semai,4.13257,101.477
seme1247,aust1305,Semelai,2.82799,102.806
semn1250,aust1305,Semnam,5.27617,101.058
shwe1236,aust1305,Shwe Palaung,23.6729,97.7972
sokk1239,aust1305,Sok,15.1665,106.84
somr1240,aust1305,Somray of Battambang-Somre of Siem Reap,12.243,103.139
sooo1254,aust1305,Sô,16.9081,105.001
sora1254,aust1305,Sora,19.1213,84.19
sout2689,aust1305,Southern Nicobarese,6.82744,93.8042
sout2692,aust1305,Southern Mnong,12.06354,107.65424
sout3251,aust1305,Southern Katang,16.108419,106.473214
souu1238,aust1305,Sou,14.687,106.54
suoy1242,aust1305,Suoy,11.936,104.136
tail1246,aust1305,Muak,21.4293,100.985
taku1254,aust1305,Takua,15.4299,108.046
tali1257,aust1305,Talieng,16.5287,106.102
tamp1251,aust1305,Tampuan,13.56447,107.24544
temi1246,aust1305,Temiar,4.974,101.438
temo1243,aust1305,Temoq,3.11331,102.916
tere1272,aust1305,Teressa,8.23716,93.1297
thee1239,aust1305,Theen,19.379873,102.414123
thoo1240,aust1305,Tho,19.3563,105.363
todr1244,aust1305,Todrah,14.5672,108.114
tong1308,aust1305,Maniq,6.88137,100.102
toum1239,aust1305,Toum,18.8,104.8
trie1243,aust1305,Trieng,15.5002,107.515
triw1234,aust1305,Triw,15.6833,107.2
turi1246,aust1305,Turi,22.0122,84.4712
uppe1406,aust1305,Upper Ta'oih,16.186515,107.056135
uuuu1243,aust1305,U,22.6767,101.772
viet1252,aust1305,Vietnamese,20.681188,105.774071
warj1242,aust1305,War-Jaintia,25.1154,91.6266
west2396,aust1305,Western Lawa,19.8678,99.2057
west2397,aust1305,Western Bru,16.4906,104.754
west2398,aust1305,Western Katu,15.7949,107.166
xiyu1235,aust1305,Xiyun Va,22.499,99.584
yinc1238,aust1305,Yinchia,20.0833,97.9166
